Protein id	Contig id	Start	Stop	Strand	Element symbol	Element name	Scope	Type	Subtype	Class	Subclass	Method	Target length	Reference sequence length	% Coverage of reference	% Identity to reference	Alignment length	Closest reference accession	Closest reference name	HMM accession	HMM description
NA	NC_017654.1	789	1646	-	blaTEM-1	broad-spectrum class A beta-lactamase TEM-1	core	AMR	AMR	BETA-LACTAM	BETA-LACTAM	ALLELEX	286	286	100.00	100.00	286	WP_000027057.1	broad-spectrum class A beta-lactamase TEM-1	NA	NA
NA	NC_017656.1	23314	24732	-	espX1	type III secretion system effector EspX1	plus	VIRULENCE	VIRULENCE	NA	NA	BLASTX	473	473	100.00	99.58	473	ADD54679.1	type III secretion system effector EspX1	NA	NA
NA	NC_017656.1	389558	393799	+	fdeC	inverse autotransporter adhesin FdeC	plus	VIRULENCE	VIRULENCE	NA	NA	BLASTX	1414	1416	99.93	92.16	1415	ABE05822.1	inverse autotransporter adhesin FdeC	NA	NA
NA	NC_017656.1	1015201	1016178	+	nleB2	type III secretion system effector arginine glycosyltransferase NleB2	plus	VIRULENCE	VIRULENCE	NA	NA	EXACTX	326	326	100.00	100.00	326	CAS08589.1	type III secretion system effector arginine glycosyltransferase NleB2	NA	NA
NA	NC_017656.1	1016242	1017231	+	nleC	type III secretion system effector zinc metalloprotease NleC	plus	VIRULENCE	VIRULENCE	NA	NA	EXACTX	330	330	100.00	100.00	330	AAG55141.1	type III secretion system effector zinc metalloprotease NleC	NA	NA
NA	NC_017656.1	1462220	1462483	+	ariR	biofilm/acid-resistance regulator AriR	plus	STRESS	ACID	NA	NA	BLASTX	88	88	100.00	98.86	88	AAC74250.1	biofilm/acid-resistance regulator AriR	NA	NA
NA	NC_017656.1	2397247	2397897	+	espJ	type III secretion system effector ADP-ribosyltransferase EspJ	plus	VIRULENCE	VIRULENCE	NA	NA	EXACTX	217	217	100.00	100.00	217	AAG56990.1	type III secretion system effector ADP-ribosyltransferase EspJ	NA	NA
NA	NC_017656.1	2398225	2399235	+	tccP	Tir-cytoskeleton coupling protein TccP	plus	VIRULENCE	VIRULENCE	NA	NA	EXACTX	337	337	100.00	100.00	337	BAG11995.1	Tir-cytoskeleton coupling protein TccP	NA	NA
NA	NC_017656.1	3601591	3602577	+	nleB	type III secretion system effector arginine glycosyltransferase NleB	plus	VIRULENCE	VIRULENCE	NA	NA	BLASTX	329	329	100.00	99.70	329	AAL57565.1	type III secretion system effector arginine glycosyltransferase NleB	NA	NA
NA	NC_017656.1	3605178	3613868	+	efa1	lymphostatin Efa1/LifA	plus	VIRULENCE	VIRULENCE	NA	NA	PARTIALX	2897	3223	89.89	99.97	2897	AAD49229.2	lymphostatin Efa1/LifA	NA	NA
NA	NC_017656.1	3947246	3950347	+	acrF	multidrug efflux RND transporter permease subunit AcrF	plus	AMR	AMR	EFFLUX	EFFLUX	BLASTX	1034	1034	100.00	99.32	1034	AAC76298.1	multidrug efflux RND transporter permease subunit AcrF	NA	NA
NA	NC_017656.1	4254677	4255210	-	lpfA1	long polar fimbria major subunit LpfA1	plus	VIRULENCE	VIRULENCE	NA	NA	BLASTX	178	178	100.00	99.44	178	OPH66324.1	long polar fimbria major subunit LpfA1	NA	NA
NA	NC_017656.1	4385332	4385946	-	espF	type III secretion system LEE effector EspF	plus	VIRULENCE	VIRULENCE	NA	NA	PARTIALX	205	248	82.66	99.02	205	AAG58814.1	type III secretion system LEE effector EspF	NA	NA
NA	NC_017656.1	4386989	4387924	-	espB	type III secretion system LEE translocon pore-forming subunit EspB	plus	VIRULENCE	VIRULENCE	NA	NA	EXACTX	312	312	100.00	100.00	312	AAG58818.1	type III secretion system LEE translocon pore-forming subunit EspB	NA	NA
NA	NC_017656.1	4389085	4389660	-	espA	type III secretion system LEE translocon filament protein EspA	plus	VIRULENCE	VIRULENCE	NA	NA	EXACTX	192	192	100.00	100.00	192	ACG59676.1	type III secretion system LEE translocon filament protein EspA	NA	NA
NA	NC_017656.1	4392404	4395205	-	eae	intimin type gamma	plus	VIRULENCE	VIRULENCE	INTIMIN	GAMMA	EXACTX	934	934	100.00	100.00	934	ADD58881.1	intimin type gamma	NA	NA
NA	NC_017656.1	4395876	4397561	-	tir	type III secretion system LEE translocated intimin receptor Tir	plus	VIRULENCE	VIRULENCE	NA	NA	EXACTX	562	562	100.00	100.00	562	AEZ42789.1	type III secretion system LEE translocated intimin receptor Tir	NA	NA
NA	NC_017656.1	4440330	4441517	+	emrD	multidrug efflux MFS transporter EmrD	plus	AMR	AMR	EFFLUX	EFFLUX	BLASTX	396	396	100.00	99.49	396	EFF04178.1	multidrug efflux MFS transporter EmrD	NA	NA
NA	NC_017656.1	4499948	4500547	-	lpfA2	long polar fimbria major subunit LpfA2	plus	VIRULENCE	VIRULENCE	NA	NA	EXACTX	200	200	100.00	100.00	200	BAB38093.1	long polar fimbria major subunit LpfA2	NA	NA
NA	NC_017656.1	4988843	4989970	-	blaEC	BlaEC family class C beta-lactamase	plus	AMR	AMR	BETA-LACTAM	BETA-LACTAM	BLASTX	376	377	100.00	97.61	377	WP_063610930.1	extended-spectrum class C beta-lactamase EC-15	NA	NA
NA	NC_017656.1	5195723	5196952	-	mdtM	multidrug efflux MFS transporter MdtM	plus	AMR	AMR	EFFLUX	EFFLUX	BLASTX	410	410	100.00	98.05	410	AAC77293.1	multidrug efflux MFS transporter MdtM	NA	NA
NA	NC_017657.1	18404	20371	+	etpD	variant type II secretion system secretin EtpD	plus	VIRULENCE	VIRULENCE	NA	NA	BLASTX	656	656	100.00	99.70	656	BAI33940.1	variant type II secretion system secretin EtpD	NA	NA
NA	NC_017657.1	49555	50877	+	nleA	type III secretion system effector NleA	plus	VIRULENCE	VIRULENCE	NA	NA	EXACTX	441	441	100.00	100.00	441	AEZ43710.1	type III secretion system effector NleA	NA	NA
NA	NC_017658.1	141	953	+	sul2	sulfonamide-resistant dihydropteroate synthase Sul2	core	AMR	AMR	SULFONAMIDE	SULFONAMIDE	EXACTX	271	271	100.00	100.00	271	WP_001043260.1	sulfonamide-resistant dihydropteroate synthase Sul2	NA	NA
NA	NC_017658.1	1017	1817	+	aph(3'')-Ib	aminoglycoside O-phosphotransferase APH(3'')-Ib	core	AMR	AMR	AMINOGLYCOSIDE	STREPTOMYCIN	EXACTX	267	267	100.00	100.00	267	WP_001082319.1	aminoglycoside O-phosphotransferase APH(3'')-Ib	NA	NA
NA	NC_017658.1	1820	2653	+	aph(6)-Id	aminoglycoside O-phosphotransferase APH(6)-Id	core	AMR	AMR	AMINOGLYCOSIDE	STREPTOMYCIN	EXACTX	278	278	100.00	100.00	278	WP_000480968.1	aminoglycoside O-phosphotransferase APH(6)-Id	NA	NA
