gb|AY628199.1|+|203-1064|ARO:3000988|TEM-126	NZ_HG941719.1	99.768	861	861	1	861	39866	40726	0.0	1580
gb|AF157553.1|+|147-1008|ARO:3000938|TEM-72	NZ_HG941719.1	98.955	861	861	1	861	39866	40726	0.0	1541
gb|AF062386.1|+|31-862|ARO:3000928|TEM-59	NZ_HG941719.1	99.158	831	831	1	831	39866	40696	0.0	1496
gb|KM211508.1|+|0-876|ARO:3003163|CTX-M-155	NZ_HG941719.1	99.543	876	876	1	876	98937	99812	0.0	1596
gb|AJ871876.1|+|0-876|ARO:3002415|OXY-6-3	NZ_HG941719.1	75.129	776	876	100	866	99036	99802	6.39e-96	348
gb|AJ871874.1|+|0-876|ARO:3002413|OXY-6-1	NZ_HG941719.1	75.129	776	876	100	866	99036	99802	6.39e-96	348
gb|AP009048.1|-|4303042-4304509|ARO:3003550|mdtP	NZ_HG941718.1	97.614	1467	1467	1	1467	4703115	4701649	0.0	2516
gb|KM087846.1|+|0-1146|ARO:3002125|CMY-114	NZ_HG941718.1	94.241	1146	1146	1	1146	4940404	4941549	0.0	1751
gb|AF473577.1|+|0-873|ARO:3002397|OXY-2-2	NZ_HG941719.1	74.453	685	873	127	803	99066	99742	6.55e-76	281
gb|KC292503.1|+|4334-5195|ARO:3000904|TEM-34	NZ_HG941719.1	99.884	861	861	1	861	39866	40726	0.0	1585
gb|AF527798.1|+|0-783|ARO:3000879|TEM-7	NZ_HG941719.1	99.234	783	783	1	783	39902	40684	0.0	1413
gb|HM146927.1|+|0-1146|ARO:3002053|CMY-42	NZ_HG941718.1	99.738	1146	1146	1	1146	4940404	4941549	0.0	2100
gb|JQ808129.1|+|633-1188|ARO:3002546|AAC(6')-Ib	NZ_HG941719.1	99.099	555	555	1	555	105364	104810	0.0	998
gb|JX440350.1|+|1026-2172|ARO:3002083|CMY-70	NZ_HG941718.1	89.965	1146	1146	1	1146	4940404	4941549	0.0	1480
gb|AY491682.1|+|0-861|ARO:3000996|TEM-132	NZ_HG941719.1	99.652	861	861	1	861	39866	40726	0.0	1574
gb|Y10279.1|+|0-861|ARO:3000916|TEM-47	NZ_HG941719.1	99.303	861	861	1	861	39866	40726	0.0	1557
gb|X65254.1|+|175-1036|ARO:3000887|TEM-16	NZ_HG941719.1	99.071	861	861	1	861	39866	40726	0.0	1546
gb|AY040093.1|+|68-929|ARO:3000965|TEM-102	NZ_HG941719.1	98.839	861	861	1	861	39866	40726	0.0	1535
gb|U36911.1|+|1429-2290|ARO:3000979|TEM-116	NZ_HG941719.1	99.419	861	861	1	861	39866	40726	0.0	1563
gb|HM544040.1|+|0-1146|ARO:3002066|CMY-55	NZ_HG941718.1	99.738	1146	1146	1	1146	4940404	4941549	0.0	2100
gb|AP009048.1|+|3974604-3975429|ARO:3000508|gadX	NZ_HG941718.1	93.939	825	825	1	825	3956555	3955731	0.0	1247
gb|DQ061159.1|+|346-1222|ARO:3001904|CTX-M-42	NZ_HG941719.1	99.772	876	876	1	876	98937	99812	0.0	1607
gb|JQ733576.1|+|1027-2173|ARO:3002092|CMY-79	NZ_HG941718.1	94.852	1146	1146	1	1146	4940404	4941549	0.0	1790
gb|HQ322613.1|+|0-1146|ARO:3002067|CMY-56	NZ_HG941718.1	99.825	1146	1146	1	1146	4940404	4941549	0.0	2106
gb|HM569226.2|+|1039-2185|ARO:3002059|CMY-48	NZ_HG941718.1	94.852	1146	1146	1	1146	4940404	4941549	0.0	1790
gb|AY628175.1|+|210-1071|ARO:3000972|TEM-109	NZ_HG941719.1	99.535	861	861	1	861	39866	40726	0.0	1568
gb|U95363.2|+|0-861|ARO:3000912|TEM-43	NZ_HG941719.1	99.535	861	861	1	861	39866	40726	0.0	1568
gb|AF250872.1|+|0-861|ARO:3000954|TEM-87	NZ_HG941719.1	98.839	861	861	1	861	39866	40726	0.0	1535
gb|AY138986.1|+|0-789|ARO:3002604|aadA4	NZ_HG941719.1	94.930	789	789	1	789	89585	90373	0.0	1236
gb|U00096.1|+|3660413-3663527|ARO:3000796|mdtF	NZ_HG941718.1	97.303	3114	3114	1	3114	3951158	3954271	0.0	5286
gb|U00096.1|+|3660413-3663527|ARO:3000796|mdtF	NZ_HG941718.1	71.429	3115	3114	13	3071	513594	510529	0.0	725
gb|HQ529916.1|+|110-971|ARO:3001045|TEM-183	NZ_HG941719.1	99.535	861	861	1	861	39866	40726	0.0	1568
gb|AB700703.1|+|161-1022|ARO:3001057|TEM-198	NZ_HG941719.1	99.884	861	861	1	861	39866	40726	0.0	1585
gb|JX101693.1|+|58200-58833|ARO:3002676|catB3	NZ_HG941719.1	99.775	445	633	1	445	103711	103267	0.0	817
gb|BA000007.3|-|4903688-4905062|ARO:3000830|cpxA	NZ_HG941718.1	98.538	1368	1374	1	1368	4476990	4475623	0.0	2416
gb|JN935137.1|+|0-861|ARO:3001055|TEM-195	NZ_HG941719.1	98.374	861	861	1	861	39866	40726	0.0	1513
gb|AB372224.1|+|0-1146|ARO:3002050|CMY-39	NZ_HG941718.1	97.208	1146	1146	1	1146	4940404	4941549	0.0	1940
gb|AF190693.1|+|208-1069|ARO:3000944|TEM-78	NZ_HG941719.1	99.071	861	861	1	861	39866	40726	0.0	1546
gb|EU515249.1|+|0-1146|ARO:3002036|CMY-25	NZ_HG941718.1	99.564	1146	1146	1	1146	4940404	4941549	0.0	2089
gb|AY271267.1|+|0-861|ARO:3000983|TEM-121	NZ_HG941719.1	98.839	861	861	1	861	39866	40726	0.0	1535
gb|EF210159.1|+|0-876|ARO:3001919|CTX-M-58	NZ_HG941719.1	98.630	876	876	1	876	98937	99812	0.0	1552
gb|AY853593.1|+|214-1075|ARO:3001002|TEM-138	NZ_HG941719.1	99.071	861	861	1	861	39866	40726	0.0	1546
gb|AY055205.1|+|181-1054|ARO:3002403|OXY-2-8	NZ_HG941719.1	74.307	685	873	127	803	99066	99742	3.05e-74	276
gb|KJ207205.1|+|1039-2185|ARO:3002117|CMY-105	NZ_HG941718.1	94.677	1146	1146	1	1146	4940404	4941549	0.0	1779
gb|KC783461.1|+|0-861|ARO:3001383|TEM-206	NZ_HG941719.1	99.884	861	861	1	861	39866	40726	0.0	1585
gb|AF143804.1|+|0-861|ARO:3000959|TEM-92	NZ_HG941719.1	98.955	861	861	1	861	39866	40726	0.0	1541
gb|KF526113.1|+|0-1146|ARO:3002112|CMY-100	NZ_HG941718.1	89.878	1146	1146	1	1146	4940404	4941549	0.0	1474
gb|NZ_SQNR01000043.1|+|1505-2381|ARO:3001948|CTX-M-88	NZ_HG941719.1	99.886	876	876	1	876	98937	99812	0.0	1613
gb|EF534736.1|+|213-1074|ARO:3001024|TEM-158	NZ_HG941719.1	99.652	861	861	1	861	39866	40726	0.0	1574
gb|DQ139328.1|+|160-1306|ARO:3002032|CMY-21	NZ_HG941718.1	99.738	1146	1146	1	1146	4940404	4941549	0.0	2100
gb|JF780936.1|+|63-1209|ARO:3002078|CMY-65	NZ_HG941718.1	94.328	1146	1146	1	1146	4940404	4941549	0.0	1757
gb|Y15130.1|+|0-1143|ARO:3002015|CMY-4	NZ_HG941718.1	99.738	1143	1143	1	1143	4940404	4941546	0.0	2095
gb|AB049569.1|+|0-861|ARO:3000958|TEM-91	NZ_HG941719.1	99.419	861	861	1	861	39866	40726	0.0	1563
gb|JF274244.1|-|2-863|ARO:3001967|CTX-M-107	NZ_HG941719.1	99.768	861	861	1	861	98940	99800	0.0	1580
gb|AY005110.1|+|0-846|ARO:3001874|CTX-M-11	NZ_HG941719.1	99.409	846	846	1	846	98937	99782	0.0	1535
gb|AB872957.1|+|0-1146|ARO:3002071|CMY-110	NZ_HG941718.1	94.415	1146	1146	1	1146	4940404	4941549	0.0	1762
gb|KJ207202.1|+|548-1694|ARO:3002098|CMY-85	NZ_HG941718.1	94.764	1146	1146	1	1146	4940404	4941549	0.0	1784
gb|AY874537.1|+|177-1038|ARO:3000883|TEM-11	NZ_HG941719.1	99.187	861	861	1	861	39866	40726	0.0	1552
gb|AF091113.2|+|450-1311|ARO:3000934|TEM-67	NZ_HG941719.1	99.071	861	861	1	861	39866	40726	0.0	1546
gb|JF460794.1|+|0-1146|ARO:3002073|CMY-60	NZ_HG941718.1	99.825	1146	1146	1	1146	4940404	4941549	0.0	2106
gb|Y14574.2|+|0-861|ARO:3000888|TEM-17	NZ_HG941719.1	99.071	861	861	1	861	39866	40726	0.0	1546
gb|KC603538.1|+|0-1131|ARO:3002111|CMY-98	NZ_HG941718.1	88.630	1117	1131	11	1127	4940414	4941530	0.0	1360
gb|JX514369.1|+|296-1442|ARO:3002108|CMY-95	NZ_HG941718.1	99.738	1146	1146	1	1146	4940404	4941549	0.0	2100
gb|KC818234.1|+|0-861|ARO:3001384|TEM-207	NZ_HG941719.1	99.884	861	861	1	861	39866	40726	0.0	1585
gb|HQ398214.1|+|249-1125|ARO:3001960|CTX-M-101	NZ_HG941719.1	99.886	876	876	1	876	98937	99812	0.0	1613
gb|KM087838.1|+|0-1146|ARO:3002129|CMY-118	NZ_HG941718.1	95.026	1146	1146	1	1146	4940404	4941549	0.0	1801
gb|EF394371.1|+|0-1146|ARO:3002046|CMY-35	NZ_HG941718.1	98.778	1146	1146	1	1146	4940404	4941549	0.0	2039
gb|GU550123.1|+|144-1005|ARO:3001041|TEM-176	NZ_HG941719.1	99.884	861	861	1	861	39866	40726	0.0	1585
gb|AB177384.1|+|0-876|ARO:3001898|CTX-M-36	NZ_HG941719.1	98.858	876	876	1	876	98937	99812	0.0	1563
gb|AM087454.1|+|208-1069|ARO:3001015|TEM-148	NZ_HG941719.1	99.884	861	861	1	861	39866	40726	0.0	1585
gb|DQ390458.1|-|3095-3995|ARO:3002609|aadA9	NZ_HG941719.1	98.387	62	900	1	62	88906	88967	3.37e-24	110
gb|FJ197316.1|+|0-861|ARO:3001032|TEM-166	NZ_HG941719.1	99.884	861	861	1	861	39866	40726	0.0	1585
gb|AJ871865.1|+|0-876|ARO:3002390|OXY-1-2	NZ_HG941719.1	75.510	735	876	142	866	99078	99802	2.97e-94	342
gb|JQ733571.1|+|1027-2173|ARO:3002062|CMY-51	NZ_HG941718.1	94.415	1146	1146	1	1146	4940404	4941549	0.0	1762
gb|AF294653.1|+|753-1584|ARO:3001425|OXA-31	NZ_HG941719.1	99.639	831	831	1	831	104679	103849	0.0	1519
gb|AY589493.1|+|166-1027|ARO:3000975|TEM-112	NZ_HG941719.1	99.419	861	861	1	861	39866	40726	0.0	1563
gb|DQ679961.1|+|114-975|ARO:3001021|TEM-155	NZ_HG941719.1	99.303	861	861	1	861	39866	40726	0.0	1557
gb|JX440351.1|+|1026-2172|ARO:3002096|CMY-83	NZ_HG941718.1	89.965	1146	1146	1	1146	4940404	4941549	0.0	1480
gb|AY307100.1|+|0-861|ARO:3000984|TEM-122	NZ_HG941719.1	99.768	861	861	1	861	39866	40726	0.0	1580
gb|U00096.1|-|1124117-1125326|ARO:3001216|mdtH	NZ_HG941718.1	98.346	1209	1209	1	1209	1185694	1184486	0.0	2122
gb|KP050491.1|+|0-861|ARO:3001391|TEM-214	NZ_HG941719.1	99.884	861	861	1	861	39866	40726	0.0	1585
gb|U00096.1|+|2154015-2155263|ARO:3000792|mdtA	NZ_HG941718.1	95.593	1248	1248	1	1248	2352719	2353966	0.0	2001
gb|AF203816.1|+|210-1071|ARO:3000937|TEM-71	NZ_HG941719.1	99.187	861	861	1	861	39866	40726	0.0	1552
gb|GU371926.1|-|50304-51165|ARO:3000903|TEM-33	NZ_HG941719.1	99.884	861	861	1	861	39866	40726	0.0	1585
gb|X92506.1|+|0-876|ARO:3001864|CTX-M-1	NZ_HG941719.1	98.744	876	876	1	876	98937	99812	0.0	1557
gb|X54606.1|+|214-1075|ARO:3000874|TEM-2	NZ_HG941719.1	99.303	861	861	1	861	39866	40726	0.0	1557
gb|HQ317449.1|+|0-861|ARO:3001373|TEM-182	NZ_HG941719.1	99.652	861	861	1	861	39866	40726	0.0	1574
gb|Z49084.1|+|311-1184|ARO:3002402|OXY-2-7	NZ_HG941719.1	74.161	685	873	127	803	99066	99742	1.42e-72	270
gb|AY077481.1|+|185-1058|ARO:3002410|OXY-4-1	NZ_HG941719.1	74.692	731	873	139	863	99078	99802	6.45e-86	315
gb|EU085533.1|+|0-519|ARO:3002591|AAC_6_IB_Su	NZ_HG941719.1	99.229	519	519	1	519	105328	104810	0.0	937
gb|Y17583.1|+|213-1071|ARO:3000893|TEM-22	NZ_HG941719.1	98.951	858	858	1	858	39866	40723	0.0	1535
gb|EF685371.2|+|0-1143|ARO:3002040|CMY-29	NZ_HG941718.1	99.738	1143	1143	1	1143	4940404	4941546	0.0	2095
gb|AY292654.1|+|0-876|ARO:3001892|CTX-M-30	NZ_HG941719.1	98.630	876	876	1	876	98937	99812	0.0	1552
gb|JN129451.1|+|1036-1867|ARO:3001399|OXA-4	NZ_HG941719.1	99.759	831	831	1	831	104679	103849	0.0	1524
gb|DQ834729.1|+|205-1066|ARO:3001018|TEM-151	NZ_HG941719.1	98.955	861	861	1	861	39866	40726	0.0	1541
gb|AY368237.1|+|0-861|ARO:3000990|TEM-128	NZ_HG941719.1	99.884	861	861	1	861	39866	40726	0.0	1585
gb|BX571965.1|-|2147817-2150949|ARO:3002983|amrB	NZ_HG941718.1	77.489	231	3132	2608	2834	510981	510755	2.55e-30	132
gb|KY432484.1|+|0-861|ARO:3001051|TEM-191	NZ_HG941719.1	99.303	861	861	1	861	39866	40726	0.0	1557
gb|JN211012.1|+|213-1074|ARO:3001048|TEM-188	NZ_HG941719.1	99.071	861	861	1	861	39866	40726	0.0	1546
gb|AF427130.1|+|208-1069|ARO:3000951|TEM-84	NZ_HG941719.1	99.303	861	861	1	861	39866	40726	0.0	1557
gb|EF561644.1|+|0-1146|ARO:3002039|CMY-28	NZ_HG941718.1	99.738	1146	1146	1	1146	4940404	4941549	0.0	2100
gb|EU402393.1|+|0-876|ARO:3001930|CTX-M-69	NZ_HG941719.1	99.658	876	876	1	876	98937	99812	0.0	1602
gb|Y13612.1|+|0-861|ARO:3000921|TEM-52	NZ_HG941719.1	99.303	861	861	1	861	39866	40726	0.0	1557
gb|DQ256091.1|+|98-974|ARO:3001943|CTX-M-82	NZ_HG941719.1	99.886	876	876	1	876	98937	99812	0.0	1613
gb|AY339625.2|-|3640-4786|ARO:3002024|CMY-13	NZ_HG941718.1	97.469	1146	1146	1	1146	4940404	4941549	0.0	1956
gb|AJ308558.1|+|181-1042|ARO:3000962|TEM-95	NZ_HG941719.1	99.884	861	861	1	861	39866	40726	0.0	1585
gb|D78168.1|+|1591-3130|ARO:3000254|emrY	NZ_HG941718.1	97.661	1539	1539	1	1539	2673507	2671969	0.0	2643
gb|AY528425.1|+|0-861|ARO:3000997|TEM-133	NZ_HG941719.1	99.187	861	861	1	861	39866	40726	0.0	1552
gb|AY101578.1|+|214-1075|ARO:3000969|TEM-106	NZ_HG941719.1	99.768	861	861	1	861	39866	40726	0.0	1580
gb|AY101764.1|+|206-1067|ARO:3000970|TEM-107	NZ_HG941719.1	99.535	861	861	1	861	39866	40726	0.0	1568
gb|JQ711184.1|+|1026-2172|ARO:3002084|CMY-71	NZ_HG941718.1	97.382	1146	1146	1	1146	4940404	4941549	0.0	1951
gb|JN227085.1|+|351-1227|ARO:3001977|CTX-M-117	NZ_HG941719.1	99.886	876	876	1	876	98937	99812	0.0	1613
gb|HM246246.1|+|211-1069|ARO:3001047|TEM-187	NZ_HG941719.1	98.950	857	858	1	857	39866	40722	0.0	1533
gb|L06157.1|+|554-1085|ARO:3002530|AAC(3)-Ib	NZ_HG941719.1	100.000	58	531	1	58	88906	88963	7.04e-24	108
gb|AY072920.1|+|0-861|ARO:3000973|TEM-110	NZ_HG941719.1	99.187	861	861	1	861	39866	40726	0.0	1552
gb|AJ012256.1|+|208-1069|ARO:3000939|TEM-73	NZ_HG941719.1	99.535	861	861	1	861	39866	40726	0.0	1568
gb|DQ105528.2|+|0-861|ARO:3001012|TEM-145	NZ_HG941719.1	99.419	861	861	1	861	39866	40726	0.0	1563
gb|X91840.1|+|0-1146|ARO:3002013|CMY-2	NZ_HG941718.1	99.913	1146	1146	1	1146	4940404	4941549	0.0	2111
gb|CP000800.1|-|1191727-1192954|ARO:3001329|mdtG	NZ_HG941718.1	98.370	1227	1227	1	1227	1175857	1174631	0.0	2156
gb|JX310327.1|+|0-861|ARO:3001378|TEM-201	NZ_HG941719.1	99.768	861	861	1	861	39866	40726	0.0	1580
gb|D78168.1|+|536-1592|ARO:3000206|emrK	NZ_HG941718.1	97.727	1056	1056	1	1056	2674562	2673507	0.0	1818
gb|KF151169.1|+|0-831|ARO:3001793|OXA-320	NZ_HG941719.1	99.880	831	831	1	831	104679	103849	0.0	1530
gb|Y17582.1|+|0-858|ARO:3000892|TEM-21	NZ_HG941719.1	98.951	858	858	1	858	39866	40723	0.0	1535
gb|AB107899.1|+|1007-2153|ARO:3001856|CFE-1	NZ_HG941718.1	89.791	1146	1146	1	1146	4940404	4941549	0.0	1469
gb|AJ871875.1|+|0-873|ARO:3002414|OXY-6-2	NZ_HG941719.1	75.129	776	873	97	863	99036	99802	6.36e-96	348
gb|AJ746227.1|+|94-967|ARO:3002400|OXY-2-5	NZ_HG941719.1	74.015	685	873	127	803	99066	99742	6.59e-71	265
gb|AJ871866.1|+|0-873|ARO:3002396|OXY-2-1	NZ_HG941719.1	74.161	685	873	127	803	99066	99742	1.42e-72	270
gb|AY039040.1|+|188-1022|ARO:3000956|TEM-89	NZ_HG941719.1	98.921	834	834	1	834	39866	40699	0.0	1491
gb|AP009048.1|-|4338624-4340268|ARO:3003576|eptA	NZ_HG941718.1	91.423	1644	1644	1	1644	4737079	4735436	0.0	2255
gb|U00096.1|-|3412802-3413465|ARO:3000656|AcrS	NZ_HG941718.1	98.341	663	663	1	663	3708522	3707860	0.0	1164
gb|KF150216.1|+|0-1146|ARO:3002116|CMY-104	NZ_HG941718.1	96.335	1146	1146	1	1146	4940404	4941549	0.0	1884
gb|EF468463.1|+|66-927|ARO:3001028|TEM-162	NZ_HG941719.1	98.722	861	861	1	861	39866	40726	0.0	1530
gb|KM926621.1|+|751-1897|ARO:3003171|ACT-36	NZ_HG941718.1	70.118	1014	1146	106	1103	4793869	4792872	9.09e-41	165
gb|FJ360626.1|+|0-1146|ARO:3002054|CMY-43	NZ_HG941718.1	99.825	1146	1146	1	1146	4940404	4941549	0.0	2106
gb|AF093512.1|+|197-1058|ARO:3000882|TEM-10	NZ_HG941719.1	99.768	861	861	1	861	39866	40726	0.0	1580
gb|AY515297.1|+|0-876|ARO:3001896|CTX-M-34	NZ_HG941719.1	97.374	876	876	1	876	98937	99812	0.0	1491
gb|AB900900.1|+|0-876|ARO:3001994|CTX-M-137	NZ_HG941719.1	86.014	715	876	163	876	99099	99812	0.0	765
gb|EU515250.1|+|0-1146|ARO:3002038|CMY-27	NZ_HG941718.1	99.825	1146	1146	1	1146	4940404	4941549	0.0	2106
gb|HM544039.1|+|0-1152|ARO:3002065|CMY-54	NZ_HG941718.1	99.392	1152	1152	1	1152	4940404	4941549	0.0	2084
gb|AY243512.1|+|208-1069|ARO:3000982|TEM-120	NZ_HG941719.1	99.303	861	861	1	861	39866	40726	0.0	1557
gb|JQ733572.1|+|1027-2173|ARO:3002088|CMY-75	NZ_HG941718.1	94.677	1146	1146	1	1146	4940404	4941549	0.0	1779
gb|JN790864.1|+|238-1114|ARO:3001982|CTX-M-123	NZ_HG941719.1	90.319	878	876	1	876	98937	99812	0.0	1147
gb|EF136376.1|+|0-861|ARO:3001025|TEM-159	NZ_HG941719.1	99.187	861	861	1	861	39866	40726	0.0	1552
gb|JN714478.1|+|1034-2180|ARO:3002079|CMY-66	NZ_HG941718.1	94.154	1146	1146	1	1146	4940404	4941549	0.0	1746
gb|KC900516.1|+|0-858|ARO:3001382|TEM-205	NZ_HG941719.1	98.834	858	858	1	858	39866	40723	0.0	1530
gb|KM087840.1|+|0-1146|ARO:3002127|CMY-116	NZ_HG941718.1	95.026	1146	1146	1	1146	4940404	4941549	0.0	1801
gb|KF663615.1|+|0-858|ARO:3001390|TEM-213	NZ_HG941719.1	99.301	858	858	1	858	39866	40723	0.0	1552
gb|EU496816.1|+|0-1140|ARO:3002044|CMY-33	NZ_HG941718.1	99.389	1146	1140	1	1140	4940404	4941549	0.0	2073
gb|JF949915.1|+|1-754|ARO:3001052|TEM-192	NZ_HG941719.1	99.867	753	753	1	753	39896	40648	0.0	1386
gb|AJ437107.1|+|208-1069|ARO:3000900|TEM-30	NZ_HG941719.1	99.884	861	861	1	861	39866	40726	0.0	1585
gb|EU515251.1|+|0-1146|ARO:3002051|CMY-40	NZ_HG941718.1	96.684	1146	1146	1	1146	4940404	4941549	0.0	1906
gb|HG934763.1|+|0-861|ARO:3001394|TEM-217	NZ_HG941719.1	99.884	861	861	1	861	39866	40726	0.0	1585
gb|JQ733577.1|+|1026-2172|ARO:3002093|CMY-80	NZ_HG941718.1	97.295	1146	1146	1	1146	4940404	4941549	0.0	1945
gb|X57972.1|+|339-1200|ARO:3000878|TEM-6	NZ_HG941719.1	99.419	861	861	1	861	39866	40726	0.0	1563
gb|DQ885477.1|+|0-876|ARO:3001917|CTX-M-55	NZ_HG941719.1	99.886	876	876	1	876	98937	99812	0.0	1613
gb|EF415650.1|+|0-1146|ARO:3002035|CMY-24	NZ_HG941718.1	99.825	1146	1146	1	1146	4940404	4941549	0.0	2106
gb|KM087836.1|+|0-1146|ARO:3002124|CMY-113	NZ_HG941718.1	94.328	1146	1146	1	1146	4940404	4941549	0.0	1757
gb|FJ785625.1|+|131-1001|ARO:3002404|OXY-2-9	NZ_HG941719.1	74.307	685	870	124	800	99066	99742	3.03e-74	276
gb|EU496815.1|+|0-1146|ARO:3002043|CMY-32	NZ_HG941718.1	99.825	1146	1146	1	1146	4940404	4941549	0.0	2106
gb|Z30177.1|+|348-1224|ARO:3002389|OXY-1-1	NZ_HG941719.1	75.374	735	876	142	866	99078	99802	1.38e-92	337
gb|DQ286729.1|+|0-861|ARO:3000924|TEM-55	NZ_HG941719.1	99.768	861	861	1	861	39866	40726	0.0	1580
gb|GQ149347.1|+|5269-6130|ARO:3001037|TEM-171	NZ_HG941719.1	99.535	861	861	1	861	39866	40726	0.0	1568
gb|NG_050256.1|+|100-961|ARO:3000896|TEM-26	NZ_HG941719.1	99.419	861	861	1	861	39866	40726	0.0	1563
gb|AY589494.1|+|193-1054|ARO:3000976|TEM-113	NZ_HG941719.1	98.839	861	861	1	861	39866	40726	0.0	1535
gb|KM211691.1|+|0-876|ARO:3003166|CTX-M-158	NZ_HG941719.1	98.630	876	876	1	876	98937	99812	0.0	1552
gb|EU177100.1|+|4-880|ARO:3001929|CTX-M-68	NZ_HG941719.1	96.804	876	876	1	876	98937	99812	0.0	1463
gb|U00096.1|+|2155262-2158385|ARO:3000793|mdtB	NZ_HG941718.1	96.158	3123	3123	1	3123	2353966	2357088	0.0	5103
gb|AF427129.1|+|208-1069|ARO:3000950|TEM-83	NZ_HG941719.1	99.071	861	861	1	861	39866	40726	0.0	1546
gb|AJ239002.1|+|0-861|ARO:3000935|TEM-68	NZ_HG941719.1	99.187	861	861	1	861	39866	40726	0.0	1552
gb|FJ437066.1|+|0-1134|ARO:3002055|CMY-44	NZ_HG941718.1	98.866	1146	1134	1	1134	4940404	4941549	0.0	2034
gb|AY960293.2|+|0-1143|ARO:3002031|CMY-20	NZ_HG941718.1	99.388	1143	1143	1	1143	4940407	4941549	0.0	2073
gb|KM087844.1|+|0-1146|ARO:3002128|CMY-117	NZ_HG941718.1	94.677	1146	1146	1	1146	4940404	4941549	0.0	1779
gb|EU815939.1|+|0-861|ARO:3001029|TEM-163	NZ_HG941719.1	99.652	861	861	1	861	39866	40726	0.0	1574
gb|JF274245.1|+|1-862|ARO:3001968|CTX-M-108	NZ_HG941719.1	99.768	861	861	1	861	98940	99800	0.0	1580
gb|HQ185697.1|+|1267-2413|ARO:3002072|CMY-58	NZ_HG941718.1	99.825	1146	1146	1	1146	4940404	4941549	0.0	2106
gb|DQ388882.1|+|0-861|ARO:3001005|TEM-142	NZ_HG941719.1	98.955	861	861	1	861	39866	40726	0.0	1541
gb|X98047.1|+|0-843|ARO:3000911|TEM-42	NZ_HG941719.1	98.814	843	843	1	843	39875	40717	0.0	1502
gb|JF460795.1|+|0-1143|ARO:3002074|CMY-61	NZ_HG941718.1	99.824	1137	1143	7	1143	4940414	4941549	0.0	2087
gb|AP009048.1|-|4153663-4154296|ARO:3000518|CRP	NZ_HG941718.1	99.210	633	633	1	633	3781035	3781667	0.0	1142
gb|AJ252200.1|+|1278-4401|ARO:3003056|smeE	NZ_HG941718.1	73.363	901	3123	628	1519	2767904	2768795	1.82e-86	318
gb|AJ252200.1|+|1278-4401|ARO:3003056|smeE	NZ_HG941718.1	70.036	1395	3123	134	1498	3951291	3952656	1.48e-52	206
gb|KF240809.1|+|0-876|ARO:3002000|CTX-M-142	NZ_HG941719.1	99.886	876	876	1	876	98937	99812	0.0	1613
gb|JF795538.1|+|0-861|ARO:3001374|TEM-185	NZ_HG941719.1	99.303	861	861	1	861	39866	40726	0.0	1557
gb|AF332513.1|+|103-964|ARO:3000931|TEM-63	NZ_HG941719.1	98.955	861	861	1	861	39866	40726	0.0	1541
gb|JX440349.1|+|1026-2172|ARO:3002087|CMY-74	NZ_HG941718.1	90.052	1146	1146	1	1146	4940404	4941549	0.0	1485
gb|HE819404.1|+|0-1146|ARO:3002103|CMY-90	NZ_HG941718.1	94.066	1146	1146	1	1146	4940404	4941549	0.0	1740
gb|KC107824.1|+|0-876|ARO:3001997|CTX-M-139	NZ_HG941719.1	99.886	876	876	1	876	98937	99812	0.0	1613
gb|FN645444.1|+|0-1146|ARO:3002061|CMY-50	NZ_HG941718.1	94.415	1146	1146	1	1146	4940404	4941549	0.0	1762
gb|AJ871877.1|+|0-876|ARO:3002416|OXY-6-4	NZ_HG941719.1	75.368	747	876	129	866	99065	99802	8.26e-95	344
gb|Y10281.1|+|0-861|ARO:3000918|TEM-49	NZ_HG941719.1	98.839	861	861	1	861	39866	40726	0.0	1535
gb|DQ834728.1|+|205-1066|ARO:3001019|TEM-152	NZ_HG941719.1	98.955	861	861	1	861	39866	40726	0.0	1541
gb|AY628176.1|+|75-936|ARO:3000987|TEM-125	NZ_HG941719.1	98.606	861	861	1	861	39866	40726	0.0	1524
gb|AY027590.1|+|112-973|ARO:3000955|TEM-88	NZ_HG941719.1	99.535	861	861	1	861	39866	40726	0.0	1568
gb|AM286274.1|+|0-861|ARO:3001001|TEM-137	NZ_HG941719.1	99.071	861	861	1	861	39866	40726	0.0	1546
gb|JX049132.1|+|0-1146|ARO:3002082|CMY-69	NZ_HG941718.1	99.825	1146	1146	1	1146	4940404	4941549	0.0	2106
gb|U00096.1|-|2098446-2099613|ARO:3003577|ugd	NZ_HG941718.1	95.973	1167	1167	1	1167	2299623	2298457	0.0	1895
gb|DQ463751.1|+|75-1221|ARO:3002034|CMY-23	NZ_HG941718.1	100.000	1146	1146	1	1146	4940404	4941549	0.0	2117
gb|EF219142.1|+|10-886|ARO:3001922|CTX-M-61	NZ_HG941719.1	98.858	876	876	1	876	98937	99812	0.0	1563
gb|AY092401.1|+|0-861|ARO:3000963|TEM-96	NZ_HG941719.1	99.535	861	861	1	861	39866	40726	0.0	1568
gb|KC149518.1|+|0-861|ARO:3001369|TEM-153	NZ_HG941719.1	99.419	861	861	1	861	39866	40726	0.0	1563
gb|AF043381.1|+|251-863|ARO:3002580|AAC(6')-Ib9	NZ_HG941719.1	99.490	588	612	25	612	105397	104810	0.0	1070
gb|JX440353.1|+|1026-2172|ARO:3002090|CMY-77	NZ_HG941718.1	97.120	1146	1146	1	1146	4940404	4941549	0.0	1934
gb|FJ503047.1|+|0-519|ARO:3002592|AAC6_IB_HZ	NZ_HG941719.1	99.229	519	519	1	519	105328	104810	0.0	937
gb|AF445082.1|+|2788-3343|ARO:3002577|AAC(6')-Ib4	NZ_HG941719.1	99.459	555	555	1	555	105364	104810	0.0	1009
gb|KF240808.1|+|0-861|ARO:3001386|TEM-209	NZ_HG941719.1	99.768	861	861	1	861	39866	40726	0.0	1580
gb|Y17584.1|+|0-858|ARO:3000899|TEM-29	NZ_HG941719.1	99.767	858	858	1	858	39866	40723	0.0	1574
gb|BA000007.3|+|3212025-3212640|ARO:3000832|evgA	NZ_HG941718.1	99.024	615	615	1	615	2675086	2675700	0.0	1103
gb|DQ303459.3|+|2174-3050|ARO:3001916|CTX-M-54	NZ_HG941719.1	99.772	876	876	1	876	98937	99812	0.0	1607
gb|U37195.1|+|75-936|ARO:3000898|TEM-28	NZ_HG941719.1	99.768	861	861	1	861	39866	40726	0.0	1580
gb|AY826417.1|+|0-861|ARO:3001000|TEM-136	NZ_HG941719.1	99.419	861	861	1	861	39866	40726	0.0	1563
gb|KF526115.1|+|0-1146|ARO:3002114|CMY-102	NZ_HG941718.1	99.564	1146	1146	1	1146	4940404	4941549	0.0	2089
gb|AY080894.1|+|3-879|ARO:3001884|CTX-M-22	NZ_HG941719.1	99.772	876	876	1	876	98937	99812	0.0	1607
gb|GQ351346.1|+|0-876|ARO:3001974|CTX-M-114	NZ_HG941719.1	99.772	876	876	1	876	98937	99812	0.0	1607
gb|FJ785626.1|+|131-1004|ARO:3002405|OXY-2-10	NZ_HG941719.1	74.015	685	873	127	803	99066	99742	6.59e-71	265
gb|AY130285.1|+|0-783|ARO:3000981|TEM-118	NZ_HG941719.1	99.234	783	783	1	783	39902	40684	0.0	1413
gb|FJ854362.1|+|1702-2257|ARO:3002576|AAC(6')-Ib3	NZ_HG941719.1	99.459	555	555	1	555	105364	104810	0.0	1009
gb|JF969163.1|+|1053-1893|ARO:3000410|sul1	NZ_HG941719.1	100.000	840	840	1	840	90920	91759	0.0	1552
gb|Y17581.1|+|78-936|ARO:3000891|TEM-20	NZ_HG941719.1	99.184	858	858	1	858	39866	40723	0.0	1546
gb|AB429270.1|+|14-1160|ARO:3002052|CMY-41	NZ_HG941718.1	94.415	1146	1146	1	1146	4940404	4941549	0.0	1762
gb|AJ555825.2|+|0-1146|ARO:3002025|CMY-14	NZ_HG941718.1	99.738	1146	1146	1	1146	4940404	4941549	0.0	2100
gb|FJ873740.1|+|0-858|ARO:3001035|TEM-169	NZ_HG941719.1	99.650	858	858	1	858	39866	40723	0.0	1568
gb|AM283489.1|+|2655-3174|ARO:3002585|AAC(6')-31	NZ_HG941719.1	84.586	519	519	1	519	105328	104810	9.64e-147	516
gb|AF190692.1|+|208-1069|ARO:3000946|TEM-79	NZ_HG941719.1	99.768	861	861	1	861	39866	40726	0.0	1580
gb|AY513266.1|+|164-1310|ARO:3002028|CMY-17	NZ_HG941718.1	99.825	1146	1146	1	1146	4940404	4941549	0.0	2106
gb|U00096.3|-|481253-484403|ARO:3000216|acrB	NZ_HG941718.1	98.762	3150	3150	1	3150	513606	510457	0.0	5602
gb|U00096.3|-|481253-484403|ARO:3000216|acrB	NZ_HG941718.1	73.340	3132	3150	9	3100	3710099	3713186	0.0	1081
gb|JN227084.1|+|308-1169|ARO:3001046|TEM-186	NZ_HG941719.1	99.884	861	861	1	861	39866	40726	0.0	1585
gb|AB284167.2|+|225-1101|ARO:3001925|CTX-M-64	NZ_HG941719.1	87.144	879	876	1	876	98937	99812	0.0	992
gb|AF351241.1|+|89-950|ARO:3000957|TEM-90	NZ_HG941719.1	99.535	861	861	1	861	39866	40726	0.0	1568
gb|KJ207204.1|+|579-1725|ARO:3002099|CMY-86	NZ_HG941718.1	97.382	1146	1146	1	1146	4940404	4941549	0.0	1951
gb|DQ838665.1|+|0-474|ARO:3002860|dfrA17	NZ_HG941719.1	100.000	474	474	1	474	88981	89454	0.0	876
gb|AM941159.1|+|208-1069|ARO:3001022|TEM-156	NZ_HG941719.1	99.535	861	861	1	861	39866	40726	0.0	1568
gb|HQ650104.1|+|63-1209|ARO:3002076|CMY-63	NZ_HG941718.1	97.208	1146	1146	1	1146	4940404	4941549	0.0	1940
gb|DQ105529.2|+|0-861|ARO:3001013|TEM-146	NZ_HG941719.1	99.419	861	861	1	861	39866	40726	0.0	1563
gb|AJ746225.1|+|0-861|ARO:3000993|TEM-129	NZ_HG941719.1	99.187	861	861	1	861	39866	40726	0.0	1552
gb|JX514368.1|+|271-1417|ARO:3002107|CMY-94	NZ_HG941718.1	99.825	1146	1146	1	1146	4940404	4941549	0.0	2106
gb|FN556186.1|+|0-1146|ARO:3002057|CMY-46	NZ_HG941718.1	97.469	1146	1146	1	1146	4940404	4941549	0.0	1956
gb|AF104442.1|+|193-1054|ARO:3000923|TEM-54	NZ_HG941719.1	99.535	861	861	1	861	39866	40726	0.0	1568
gb|JQ733578.1|+|1007-2153|ARO:3002094|CMY-81	NZ_HG941718.1	94.154	1146	1146	1	1146	4940404	4941549	0.0	1746
gb|U00096.3|-|4567286-4568519|ARO:3001214|mdtM	NZ_HG941718.1	95.053	1233	1233	1	1233	5043949	5042717	0.0	1940
gb|AJ549244.1|+|0-876|ARO:3001890|CTX-M-28	NZ_HG941719.1	99.772	876	876	1	876	98937	99812	0.0	1607
gb|AY574271.1|+|0-861|ARO:3000998|TEM-134	NZ_HG941719.1	98.955	861	861	1	861	39866	40726	0.0	1541
gb|KM114268.1|+|0-861|ARO:3003157|TEM-219	NZ_HG941719.1	99.652	861	861	1	861	39866	40726	0.0	1574
gb|X97254.1|+|153-1011|ARO:3001043|TEM-178	NZ_HG941719.1	97.332	862	858	1	858	39866	40726	0.0	1459
gb|EF685372.2|+|0-1143|ARO:3002041|CMY-30	NZ_HG941718.1	99.825	1143	1143	1	1143	4940404	4941546	0.0	2100
gb|AY238472.1|-|12-888|ARO:3001895|CTX-M-33	NZ_HG941719.1	99.886	876	876	1	876	98937	99812	0.0	1613
gb|AY660529.1|+|121-676|ARO:3003676|AAC(6')-Ib'	NZ_HG941719.1	99.279	555	555	1	555	105364	104810	0.0	1003
gb|HQ336940.1|+|0-1146|ARO:3002064|CMY-53	NZ_HG941718.1	99.302	1146	1146	1	1146	4940404	4941549	0.0	2073
gb|AM049399.1|+|0-861|ARO:3001007|TEM-144	NZ_HG941719.1	99.768	861	861	1	861	39866	40726	0.0	1580
gb|D16251.1|-|1625-2531|ARO:3000316|mphA	NZ_HG941719.1	100.000	906	906	1	906	97975	97070	0.0	1674
gb|AY589495.1|+|181-1042|ARO:3000977|TEM-114	NZ_HG941719.1	98.955	861	861	1	861	39866	40726	0.0	1541
gb|JX440352.1|+|1027-2173|ARO:3002085|CMY-72	NZ_HG941718.1	94.503	1146	1146	1	1146	4940404	4941549	0.0	1768
gb|BA000007.3|-|1737690-1738104|ARO:3000676|H-NS	NZ_HG941718.1	99.275	414	414	1	414	1415983	1415570	0.0	749
gb|AJ704396.1|+|0-876|ARO:3001956|CTX-M-96	NZ_HG941719.1	99.087	876	876	1	876	98937	99812	0.0	1574
gb|KM211510.1|+|0-876|ARO:3003165|CTX-M-157	NZ_HG941719.1	99.886	876	876	1	876	98937	99812	0.0	1613
gb|DBHZIT010000030.1|-|8250-9483|ARO:3003048|rosA	NZ_HG941718.1	76.506	498	1233	724	1219	532907	532412	7.25e-72	268
gb|KM087839.1|+|0-1146|ARO:3002126|CMY-115	NZ_HG941718.1	94.415	1146	1146	1	1146	4940404	4941549	0.0	1762
gb|X95401.1|+|208-1069|ARO:3000914|TEM-45	NZ_HG941719.1	99.187	861	861	1	861	39866	40726	0.0	1552
gb|AF516719.1|+|214-1075|ARO:3000967|TEM-104	NZ_HG941719.1	99.768	861	861	1	861	39866	40726	0.0	1580
gb|AY956335.1|+|38-899|ARO:3001004|TEM-141	NZ_HG941719.1	99.768	861	861	1	861	39866	40726	0.0	1580
gb|FN652295.1|+|0-861|ARO:3001042|TEM-177	NZ_HG941719.1	98.722	861	861	1	861	39866	40726	0.0	1530
gb|JF274248.1|-|0-864|ARO:3001969|CTX-M-109	NZ_HG941719.1	99.768	861	864	1	861	98940	99800	0.0	1580
gb|EU202673.2|+|0-876|ARO:3001941|CTX-M-80	NZ_HG941719.1	99.658	876	876	1	876	98937	99812	0.0	1602
gb|AJ871871.1|+|0-873|ARO:3002412|OXY-5-2	NZ_HG941719.1	74.761	733	873	139	863	99078	99802	6.45e-86	315
gb|U00096.1|+|2158385-2161463|ARO:3000794|mdtC	NZ_HG941718.1	93.990	3078	3078	1	3078	2357089	2360166	0.0	4660
gb|Y10278.1|+|0-876|ARO:3001866|CTX-M-3	NZ_HG941719.1	99.886	876	876	1	876	98937	99812	0.0	1613
gb|U00096.1|+|2484373-2487967|ARO:3000833|evgS	NZ_HG941718.1	96.327	3594	3594	1	3594	2675705	2679298	0.0	5906
gb|U00096.3|+|2810769-2811300|ARO:3000516|emrR	NZ_HG941718.1	98.493	531	531	1	531	2949726	2950256	0.0	937
gb|DQ223685.1|+|0-876|ARO:3001914|CTX-M-52	NZ_HG941719.1	99.658	876	876	1	876	98937	99812	0.0	1602
gb|AJ318093.1|+|0-861|ARO:3000960|TEM-93	NZ_HG941719.1	99.303	861	861	1	861	39866	40726	0.0	1557
gb|DQ369751.1|+|0-861|ARO:3001016|TEM-149	NZ_HG941719.1	98.955	861	861	1	861	39866	40726	0.0	1541
gb|JX313020.1|+|0-876|ARO:3001991|CTX-M-132	NZ_HG941719.1	93.166	878	876	1	876	98937	99812	0.0	1286
gb|KF526114.1|+|0-1146|ARO:3002113|CMY-101	NZ_HG941718.1	90.314	1146	1146	1	1146	4940404	4941549	0.0	1502
gb|U59183.1|+|247-859|ARO:3002581|AAC(6')-Ib10	NZ_HG941719.1	99.660	588	612	25	612	105397	104810	0.0	1075
gb|AB300358.1|+|0-1146|ARO:3002037|CMY-26	NZ_HG941718.1	97.033	1146	1146	1	1146	4940404	4941549	0.0	1929
gb|AM411407.1|+|0-876|ARO:3001921|CTX-M-60	NZ_HG941719.1	98.858	876	876	1	876	98937	99812	0.0	1563
gb|JN935135.1|+|0-861|ARO:3001053|TEM-193	NZ_HG941719.1	97.796	862	861	1	861	39866	40726	0.0	1485
gb|JF460796.1|+|0-1146|ARO:3002075|CMY-62	NZ_HG941718.1	99.825	1146	1146	1	1146	4940404	4941549	0.0	2106
gb|AY327540.1|+|0-858|ARO:3000986|TEM-124	NZ_HG941719.1	99.071	861	858	1	858	39866	40726	0.0	1543
gb|AJ011293.1|+|0-1146|ARO:3002017|CMY-6	NZ_HG941718.1	99.825	1146	1146	1	1146	4940404	4941549	0.0	2106
gb|AF137361.1|+|63-852|ARO:3002605|aadA5	NZ_HG941719.1	100.000	789	789	1	789	89585	90373	0.0	1458
gb|AJ277414.1|+|0-861|ARO:3000952|TEM-85	NZ_HG941719.1	98.955	861	861	1	861	39866	40726	0.0	1541
gb|AM849805.1|+|262-1123|ARO:3000886|TEM-15	NZ_HG941719.1	99.768	861	861	1	861	39866	40726	0.0	1580
gb|Y17714.1|+|146-1016|ARO:3002399|OXY-2-4	NZ_HG941719.1	74.161	685	870	124	800	99066	99742	1.41e-72	270
gb|AP009048.1|+|2586250-2589364|ARO:3000491|acrD	NZ_HG941718.1	98.651	3114	3114	1	3114	2767277	2770390	0.0	5518
gb|AP009048.1|+|2586250-2589364|ARO:3000491|acrD	NZ_HG941718.1	75.214	468	3114	1024	1484	3952181	3952641	1.14e-53	209
gb|AY743434.1|+|46-1198|ARO:3002029|CMY-18	NZ_HG941718.1	99.392	1152	1152	1	1152	4940404	4941549	0.0	2084
gb|FR717535.1|+|0-861|ARO:3000910|TEM-40	NZ_HG941719.1	99.652	861	861	1	861	39866	40726	0.0	1574
gb|HG423149.1|+|39-915|ARO:3001962|CTX-M-103	NZ_HG941719.1	99.886	876	876	1	876	98937	99812	0.0	1613
gb|AP009048.1|-|4306556-4307588|ARO:3003548|mdtN	NZ_HG941718.1	96.221	1032	1032	1	1032	4706194	4705163	0.0	1690
gb|KF944358.1|+|0-861|ARO:3001393|TEM-216	NZ_HG941719.1	99.768	861	861	1	861	39866	40726	0.0	1580
gb|KM087837.1|+|0-1146|ARO:3002123|CMY-112	NZ_HG941718.1	94.677	1146	1146	1	1146	4940404	4941549	0.0	1779
gb|DQ909059.1|+|0-861|ARO:3001023|TEM-157	NZ_HG941719.1	99.187	861	861	1	861	39866	40726	0.0	1552
gb|U00096.1|+|3415032-3418137|ARO:3000502|AcrF	NZ_HG941718.1	96.586	3105	3105	1	3105	3710090	3713194	0.0	5147
gb|U00096.1|+|3415032-3418137|ARO:3000502|AcrF	NZ_HG941718.1	73.728	3144	3105	10	3097	513598	510507	0.0	1131
gb|U00096.1|+|3413863-3415021|ARO:3000499|AcrE	NZ_HG941718.1	98.791	1158	1158	1	1158	3708921	3710078	0.0	2061
gb|JX050178.1|+|1-853|ARO:3001058|TEM-199	NZ_HG941719.1	98.944	852	852	1	852	39875	40726	0.0	1524
gb|AY077483.1|+|182-1055|ARO:3002392|OXY-1-4	NZ_HG941719.1	75.510	735	873	139	863	99078	99802	2.96e-94	342
gb|AY130284.1|+|0-783|ARO:3000941|TEM-75	NZ_HG941719.1	99.106	783	783	1	783	39902	40684	0.0	1408
gb|AB280919.1|+|0-1146|ARO:3002048|CMY-37	NZ_HG941718.1	97.295	1146	1146	1	1146	4940404	4941549	0.0	1945
gb|X78117.1|+|141-1287|ARO:3001857|LAT-1	NZ_HG941718.1	99.215	1147	1146	1	1146	4940404	4941549	0.0	2067
gb|JN596991.2|+|2280-3111|ARO:3001806|OXA-224	NZ_HG941719.1	99.639	831	831	1	831	104679	103849	0.0	1519
gb|GQ402541.1|+|0-1146|ARO:3002060|CMY-49	NZ_HG941718.1	97.208	1146	1146	1	1146	4940404	4941549	0.0	1940
gb|KF564648.1|+|0-1146|ARO:3002120|CMY-108	NZ_HG941718.1	97.731	1146	1146	1	1146	4940404	4941549	0.0	1973
gb|FN546177.1|+|0-1146|ARO:3002056|CMY-45	NZ_HG941718.1	99.564	1146	1146	1	1146	4940404	4941549	0.0	2089
gb|AY008291.1|+|0-768|ARO:3001427|OXA-33	NZ_HG941719.1	99.740	768	768	1	768	104634	103867	0.0	1408
gb|EF136377.1|+|0-861|ARO:3001026|TEM-160	NZ_HG941719.1	99.187	861	861	1	861	39866	40726	0.0	1552
gb|FJ919776.1|+|208-1069|ARO:3001034|TEM-168	NZ_HG941719.1	99.535	861	861	1	861	39866	40726	0.0	1568
gb|AJ866988.1|+|0-861|ARO:3000994|TEM-130	NZ_HG941719.1	98.955	861	861	1	861	39866	40726	0.0	1541
gb|AF427127.1|+|208-1069|ARO:3000948|TEM-81	NZ_HG941719.1	99.419	861	861	1	861	39866	40726	0.0	1563
gb|AJ781421.1|+|0-1146|ARO:3002027|CMY-16	NZ_HG941718.1	99.738	1146	1146	1	1146	4940404	4941549	0.0	2100
gb|JX440354.1|+|756-1902|ARO:3001836|ACT-14	NZ_HG941718.1	75.499	351	1146	383	731	4793592	4793244	7.02e-42	169
gb|DQ256079.1|+|0-1146|ARO:3002033|CMY-22	NZ_HG941718.1	99.738	1146	1146	1	1146	4940404	4941549	0.0	2100
gb|KF992028.1|+|761-1907|ARO:3001839|ACT-18	NZ_HG941718.1	71.994	632	1146	106	731	4793869	4793244	4.20e-44	176
gb|GQ351345.1|+|0-1146|ARO:3002086|CMY-73	NZ_HG941718.1	97.208	1146	1146	1	1146	4940404	4941549	0.0	1940
gb|AJ557142.1|+|0-876|ARO:3001894|CTX-M-32	NZ_HG941719.1	98.858	876	876	1	876	98937	99812	0.0	1563
gb|HQ832678.1|+|0-1146|ARO:3002077|CMY-64	NZ_HG941718.1	97.208	1146	1146	1	1146	4940404	4941549	0.0	1940
gb|KF305673.1|+|17-1163|ARO:3002070|CMY-99	NZ_HG941718.1	99.651	1146	1146	1	1146	4940404	4941549	0.0	2095
gb|AM931008.1|+|0-1146|ARO:3002049|CMY-38	NZ_HG941718.1	99.651	1146	1146	1	1146	4940404	4941549	0.0	2095
gb|JN935136.1|+|0-861|ARO:3001054|TEM-194	NZ_HG941719.1	97.329	861	861	1	861	39866	40726	0.0	1463
gb|KM211509.1|+|0-876|ARO:3003164|CTX-M-156	NZ_HG941719.1	99.886	876	876	1	876	98937	99812	0.0	1613
gb|U57969.1|+|1485-4617|ARO:3000801|MexD	NZ_HG941718.1	85.263	95	3132	1177	1271	3952328	3952422	2.59e-20	99.0
gb|HQ877606.1|+|0-861|ARO:3001056|TEM-197	NZ_HG941719.1	99.303	861	861	1	861	39866	40726	0.0	1557
gb|FJ815436.1|+|195-1071|ARO:3001932|CTX-M-71	NZ_HG941719.1	99.886	876	876	1	876	98937	99812	0.0	1613
gb|DQ268764.2|+|5891-6767|ARO:3001915|CTX-M-53	NZ_HG941719.1	97.371	875	876	1	875	98937	99811	0.0	1489
gb|JQ733575.1|+|1027-2173|ARO:3002091|CMY-78	NZ_HG941718.1	93.979	1146	1146	1	1146	4940404	4941549	0.0	1735
gb|KJ155695.1|+|0-1146|ARO:3002122|CMY-111	NZ_HG941718.1	99.825	1146	1146	1	1146	4940404	4941549	0.0	2106
gb|KF515536.1|+|0-1146|ARO:3001828|ACT-23	NZ_HG941718.1	75.499	351	1146	383	731	4793592	4793244	7.02e-42	169
gb|DQ072853.1|+|0-861|ARO:3001003|TEM-139	NZ_HG941719.1	99.071	861	861	1	861	39866	40726	0.0	1546
gb|AJ555823.2|+|0-1146|ARO:3002026|CMY-15	NZ_HG941718.1	99.738	1146	1146	1	1146	4940404	4941549	0.0	2100
gb|AY130282.1|+|0-762|ARO:3000980|TEM-117	NZ_HG941719.1	99.606	762	762	1	762	39902	40663	0.0	1391
gb|EF426798.1|+|0-876|ARO:3001940|CTX-M-79	NZ_HG941719.1	99.772	876	876	1	876	98937	99812	0.0	1607
gb|AF347054.1|+|208-1069|ARO:3000947|TEM-80	NZ_HG941719.1	99.303	861	861	1	861	39866	40726	0.0	1557
gb|JN714480.1|+|1039-2185|ARO:3002081|CMY-68	NZ_HG941718.1	94.503	1146	1146	1	1146	4940404	4941549	0.0	1768
gb|KF513179.1|+|0-861|ARO:3001388|TEM-211	NZ_HG941719.1	98.722	861	861	1	861	39866	40726	0.0	1530
gb|EF622224.1|+|0-1146|ARO:3002042|CMY-31	NZ_HG941718.1	99.825	1146	1146	1	1146	4940404	4941549	0.0	2106
gb|DQ075245.1|+|217-1078|ARO:3001006|TEM-143	NZ_HG941719.1	99.884	861	861	1	861	39866	40726	0.0	1585
gb|AJ634602.1|-|7839-8700|ARO:3000999|TEM-135	NZ_HG941719.1	99.884	861	861	1	861	39866	40726	0.0	1585
gb|HQ285243.1|+|0-1146|ARO:3002068|CMY-57	NZ_HG941718.1	99.825	1146	1146	1	1146	4940404	4941549	0.0	2106
gb|AF535127.1|+|208-1069|ARO:3000978|TEM-115	NZ_HG941719.1	99.303	861	861	1	861	39866	40726	0.0	1557
gb|FR848831.1|+|0-861|ARO:3001375|TEM-184	NZ_HG941719.1	98.955	861	861	1	861	39866	40726	0.0	1541
gb|AF495873.1|+|0-861|ARO:3000964|TEM-101	NZ_HG941719.1	98.839	861	861	1	861	39866	40726	0.0	1535
gb|EF576988.1|+|239-1115|ARO:3001927|CTX-M-66	NZ_HG941719.1	99.772	876	876	1	876	98937	99812	0.0	1607
gb|AF104441.1|+|193-1054|ARO:3000922|TEM-53	NZ_HG941719.1	99.187	861	861	1	861	39866	40726	0.0	1552
gb|KF526116.1|+|0-1146|ARO:3002115|CMY-103	NZ_HG941718.1	94.241	1146	1146	1	1146	4940404	4941549	0.0	1751
gb|AF488377.1|+|62-938|ARO:3001885|CTX-M-23	NZ_HG941719.1	98.858	876	876	1	876	98937	99812	0.0	1563
gb|KF992025.1|+|1026-2172|ARO:3002106|CMY-93	NZ_HG941718.1	89.703	1146	1146	1	1146	4940404	4941549	0.0	1463
gb|AP009048.1|+|2810082-2811255|ARO:3000027|emrA	NZ_HG941718.1	98.039	1173	1173	1	1173	2950383	2951555	0.0	2039
gb|KJ020573.1|+|274-1150|ARO:3002002|CTX-M-144	NZ_HG941719.1	99.772	876	876	1	876	98937	99812	0.0	1607
gb|AY368236.1|+|0-861|ARO:3000989|TEM-127	NZ_HG941719.1	99.884	861	861	1	861	39866	40726	0.0	1585
gb|JX042489.1|+|141-1002|ARO:3000890|TEM-19	NZ_HG941719.1	99.303	861	861	1	861	39866	40726	0.0	1557
gb|AF305837.1|+|0-876|ARO:3001875|CTX-M-12	NZ_HG941719.1	98.973	876	876	1	876	98937	99812	0.0	1568
gb|M88143.1|+|367-1228|ARO:3000884|TEM-12	NZ_HG941719.1	99.303	861	861	1	861	39866	40726	0.0	1557
gb|Y10280.1|+|0-861|ARO:3000917|TEM-48	NZ_HG941719.1	98.955	861	861	1	861	39866	40726	0.0	1541
gb|EU274580.1|+|214-1075|ARO:3001030|TEM-164	NZ_HG941719.1	99.768	861	861	1	861	39866	40726	0.0	1580
gb|CP014358.1|-|2161325-2162750|ARO:3001327|MdtK	NZ_HG941718.1	75.336	1415	1425	1	1409	2222245	2220837	0.0	669
gb|NG_052213.1|+|100-655|ARO:3002547|AAC(6')-Ib-cr1	NZ_HG941719.1	99.820	555	555	1	555	105364	104810	0.0	1020
gb|KM087845.1|+|0-1146|ARO:3002130|CMY-119	NZ_HG941718.1	97.557	1146	1146	1	1146	4940404	4941549	0.0	1962
gb|DQ279850.1|+|0-861|ARO:3001014|TEM-147	NZ_HG941719.1	99.652	861	861	1	861	39866	40726	0.0	1574
gb|AY136758.1|+|377-947|ARO:3002582|AAC(6')-Ib11	NZ_HG941719.1	99.273	550	570	21	570	105359	104810	0.0	994
gb|AY436361.1|+|131-992|ARO:3000995|TEM-131	NZ_HG941719.1	98.839	861	861	1	861	39866	40726	0.0	1537
gb|X65252.1|+|175-1036|ARO:3000880|TEM-8	NZ_HG941719.1	98.955	861	861	1	861	39866	40726	0.0	1541
gb|X64523.1|-|476-1337|ARO:3000875|TEM-3	NZ_HG941719.1	99.071	861	861	1	861	39866	40726	0.0	1546
gb|U00096.3|-|3203309-3204131|ARO:3002986|bacA	NZ_HG941718.1	98.293	820	822	1	820	3505956	3505137	0.0	1437
gb|AY077482.1|+|161-1037|ARO:3002391|OXY-1-3	NZ_HG941719.1	75.510	735	876	142	866	99078	99802	2.97e-94	342
gb|AB699171.1|+|0-1143|ARO:3002100|CMY-87	NZ_HG941718.1	94.576	1143	1143	1	1143	4940404	4941546	0.0	1768
gb|AJ318094.1|+|0-861|ARO:3000961|TEM-94	NZ_HG941719.1	98.839	861	861	1	861	39866	40726	0.0	1535
gb|FJ237369.1|+|0-1146|ARO:3001824|ACT-5	NZ_HG941718.1	70.385	1013	1146	107	1103	4793868	4792872	3.25e-45	180
gb|AB587082.1|+|0-1188|ARO:3002069|CMY-59	NZ_HG941718.1	99.832	1188	1188	1	1188	4940362	4941549	0.0	2183
gb|U00096.1|+|2812615-2814154|ARO:3000074|emrB	NZ_HG941718.1	98.441	1539	1539	1	1539	2951572	2953110	0.0	2710
gb|AY847148.1|+|8-884|ARO:3001933|CTX-M-72	NZ_HG941719.1	99.772	876	876	1	876	98937	99812	0.0	1607
gb|JQ711185.1|+|1027-2173|ARO:3002080|CMY-67	NZ_HG941718.1	93.979	1146	1146	1	1146	4940404	4941549	0.0	1735
gb|JF966749.1|+|157-1033|ARO:3001976|CTX-M-116	NZ_HG941719.1	99.315	876	876	1	876	98937	99812	0.0	1585
gb|AF427128.1|+|208-1069|ARO:3000949|TEM-82	NZ_HG941719.1	99.419	861	861	1	861	39866	40726	0.0	1563
gb|AY077485.2|+|183-1056|ARO:3002401|OXY-2-6	NZ_HG941719.1	74.161	685	873	127	803	99066	99742	1.42e-72	270
gb|Y16785.1|+|0-1143|ARO:3002023|CMY-12	NZ_HG941718.1	99.563	1143	1143	1	1143	4940404	4941546	0.0	2084
gb|AF188199.1|+|214-1075|ARO:3000936|TEM-70	NZ_HG941719.1	99.884	861	861	1	861	39866	40726	0.0	1585
gb|AJ277415.1|+|0-861|ARO:3000953|TEM-86	NZ_HG941719.1	98.839	861	861	1	861	39866	40726	0.0	1535
gb|AP009048.1|-|3980025-3981183|ARO:3000795|mdtE	NZ_HG941718.1	98.532	1158	1158	1	1158	3949976	3951133	0.0	2045
gb|KF526118.1|+|0-1146|ARO:3001842|ACT-21	NZ_HG941718.1	71.448	732	1146	383	1103	4793592	4792872	1.51e-43	174
gb|KC351754.1|+|157-1033|ARO:3001995|CTX-M-136	NZ_HG941719.1	99.543	876	876	1	876	98937	99812	0.0	1596
gb|HM046998.2|+|1039-2185|ARO:3002058|CMY-47	NZ_HG941718.1	94.241	1146	1146	1	1146	4940404	4941549	0.0	1751
gb|KC865667.1|+|183-1044|ARO:3001385|TEM-208	NZ_HG941719.1	99.884	861	861	1	861	39866	40726	0.0	1585
gb|AP009048.1|+|1621287-1621671|ARO:3000263|marA	NZ_HG941718.1	98.958	384	384	1	384	1707727	1708110	0.0	688
gb|EF394370.1|+|0-1146|ARO:3002045|CMY-34	NZ_HG941718.1	99.651	1146	1146	1	1146	4940404	4941549	0.0	2095
gb|KJ207207.1|+|479-1625|ARO:3001844|ACT-24	NZ_HG941718.1	70.356	1012	1146	106	1103	4793869	4792872	9.02e-46	182
gb|AY267213.1|+|0-876|ARO:3001891|CTX-M-29	NZ_HG941719.1	99.201	876	876	1	876	98937	99812	0.0	1580
gb|AM183304.1|+|208-1069|ARO:3001017|TEM-150	NZ_HG941719.1	99.535	861	861	1	861	39866	40726	0.0	1568
gb|L11616.1|+|1569-4710|ARO:3000378|MexB	NZ_HG941718.1	78.497	386	3141	1036	1418	3952193	3952575	2.43e-65	248
gb|AF534183.1|+|2970-4245|ARO:3000165|tet(A)	NZ_HG941719.1	100.000	1247	1275	1	1247	108789	110035	0.0	2303
gb|AY598759.1|+|0-876|ARO:3001873|CTX-M-10	NZ_HG941719.1	97.489	876	876	1	876	98937	99812	0.0	1496
gb|FJ360884.1|+|213-1074|ARO:3001033|TEM-167	NZ_HG941719.1	98.839	861	861	1	861	39866	40726	0.0	1535
gb|AF190694.1|+|208-1069|ARO:3000942|TEM-76	NZ_HG941719.1	99.884	861	861	1	861	39866	40726	0.0	1585
gb|JN420336.1|-|1399-2230|ARO:3001396|OXA-1	NZ_HG941719.1	100.000	831	831	1	831	104679	103849	0.0	1535
gb|FJ807656.1|+|0-861|ARO:3001020|TEM-154	NZ_HG941719.1	99.419	861	861	1	861	39866	40726	0.0	1563
gb|AF516720.1|+|214-1075|ARO:3000968|TEM-105	NZ_HG941719.1	99.884	861	861	1	861	39866	40726	0.0	1585
gb|AY237830.1|+|0-831|ARO:3001781|OXA-47	NZ_HG941719.1	97.834	831	831	1	831	104679	103849	0.0	1435
gb|JN416112.1|+|0-861|ARO:3001050|TEM-190	NZ_HG941719.1	99.071	861	861	1	861	39866	40726	0.0	1546
gb|AF468003.1|+|0-861|ARO:3000974|TEM-111	NZ_HG941719.1	99.071	861	861	1	861	39866	40726	0.0	1546
gb|AJ011291.1|+|0-1146|ARO:3002018|CMY-7	NZ_HG941718.1	99.825	1146	1146	1	1146	4940404	4941549	0.0	2106
gb|KJ207203.1|+|5-1151|ARO:3002095|CMY-82	NZ_HG941718.1	90.052	1146	1146	1	1146	4940404	4941549	0.0	1485
gb|KP050492.1|+|0-861|ARO:3001392|TEM-215	NZ_HG941719.1	99.884	861	861	1	861	39866	40726	0.0	1585
gb|X65253.1|+|175-1036|ARO:3000894|TEM-24	NZ_HG941719.1	99.071	861	861	1	861	39866	40726	0.0	1546
gb|JN254627.1|+|0-861|ARO:3001049|TEM-189	NZ_HG941719.1	99.419	861	861	1	861	39866	40726	0.0	1563
gb|AY649755.2|+|1640-2516|ARO:3001899|CTX-M-37	NZ_HG941719.1	97.829	875	876	1	875	98937	99811	0.0	1511
gb|JQ733573.1|+|1027-2173|ARO:3002089|CMY-76	NZ_HG941718.1	94.939	1146	1146	1	1146	4940404	4941549	0.0	1796
gb|FJ405211.1|+|0-861|ARO:3000926|TEM-57	NZ_HG941719.1	99.768	861	861	1	861	39866	40726	0.0	1580
gb|JQ733579.1|+|1027-2173|ARO:3002097|CMY-84	NZ_HG941718.1	94.328	1146	1146	1	1146	4940404	4941549	0.0	1757
gb|AY327539.1|+|0-858|ARO:3000985|TEM-123	NZ_HG941719.1	98.606	861	858	1	858	39866	40726	0.0	1520
gb|EF219134.3|+|2125-3001|ARO:3001923|CTX-M-62	NZ_HG941719.1	98.858	876	876	1	876	98937	99812	0.0	1563
gb|AF506748.1|+|38-899|ARO:3000971|TEM-108	NZ_HG941719.1	99.414	853	861	9	861	39874	40726	0.0	1548
gb|AY044436.1|+|1435-2311|ARO:3001878|CTX-M-15	NZ_HG941719.1	100.000	876	876	1	876	98937	99812	0.0	1618
gb|AF047171.1|+|135-996|ARO:3000929|TEM-60	NZ_HG941719.1	98.258	861	861	1	861	39866	40726	0.0	1507
gb|AY077488.2|+|161-1031|ARO:3002398|OXY-2-3	NZ_HG941719.1	74.307	685	870	124	800	99066	99742	3.03e-74	276
gb|FJ854362.1|+|2338-2812|ARO:3002862|dfrA7	NZ_HG941719.1	91.139	474	474	1	474	88981	89454	0.0	643
gb|AP009048.1|-|4304505-4306557|ARO:3003549|mdtO	NZ_HG941718.1	97.076	2052	2052	1	2052	4705163	4703112	0.0	3458
gb|JQ034306.1|+|0-861|ARO:3001376|TEM-196	NZ_HG941719.1	99.768	861	861	1	861	39866	40726	0.0	1580
gb|Y17716.1|+|2373-3519|ARO:3002016|CMY-5	NZ_HG941718.1	99.738	1146	1146	1	1146	4940404	4941549	0.0	2100
gb|KF998105.1|+|4171-4849|ARO:3002579|AAC(6')-Ib8	NZ_HG941719.1	99.313	582	678	97	678	105391	104810	0.0	1053
gb|LK391770.1|+|19707-20568|ARO:3000876|TEM-4	NZ_HG941719.1	98.955	861	861	1	861	39866	40726	0.0	1541
gb|KR091911.1|-|74564-75350|ARO:3002578|AAC(6')-Ib7	NZ_HG941719.1	99.660	588	786	199	786	105397	104810	0.0	1075
gb|KR091911.1|-|74564-75350|ARO:3002578|AAC(6')-Ib7	NZ_HG941719.1	99.535	215	786	1	215	88753	88967	2.60e-109	392
gb|EU331426.1|+|2374-3520|ARO:3002047|CMY-36	NZ_HG941718.1	99.390	1147	1146	1	1146	4940404	4941549	0.0	2078
gb|U00096.1|+|2367070-2368039|ARO:3003578|PmrF	NZ_HG941718.1	97.626	969	969	1	969	2563931	2564899	0.0	1663
gb|CP015085.1|-|2551711-2552440|ARO:3003838|gadW	NZ_HG941718.1	100.000	729	729	1	729	3955362	3954634	0.0	1347
gb|U00096.3|-|721055-721733|ARO:3003841|kdpE	NZ_HG941718.1	95.542	673	678	1	673	738890	738218	0.0	1077
gb|KM998962.1|+|0-861|ARO:3003158|TEM-220	NZ_HG941719.1	99.768	861	861	1	861	39866	40726	0.0	1580
gb|EU370913.1|+|47850-51003|ARO:3003923|oqxB	NZ_HG941718.1	87.500	72	3153	1193	1263	3952341	3952411	2.62e-15	82.4
gb|U00096.3|+|966620-968369|ARO:3003950|msbA	NZ_HG941718.1	98.056	1749	1749	1	1749	1048236	1049984	0.0	3042
gb|AY139600.1|+|167-998|ARO:3001578|OXA-392	NZ_HG941719.1	97.954	831	831	1	831	104679	103849	0.0	1441
gb|KR780479.1|-|1-706|ARO:3001452|OXA-140	NZ_HG941719.1	100.000	705	705	1	705	104655	103951	0.0	1303
gb|Z11877.1|+|485-818|ARO:3004039|Ecol_emrE	NZ_HG941718.1	92.192	333	333	1	333	2106630	2106298	1.33e-133	472
gb|AJ318073.1|+|793-1990|ARO:3004041|Kpne_acrA	NZ_HG941718.1	78.333	1200	1197	1	1197	514822	513629	0.0	767
gb|U00096.3|-|484425-485619|ARO:3004043|Ecol_acrA	NZ_HG941718.1	99.079	1194	1194	1	1194	514822	513629	0.0	2145
gb|AE004091.2|+|2810008-2813197|ARO:3000804|MexF	NZ_HG941718.1	87.143	70	3189	1193	1262	3952341	3952410	9.54e-15	80.5
gb|MF543129.1|-|2483-3629|ARO:3004464|CFE-2	NZ_HG941718.1	85.963	1147	1146	1	1146	4940404	4941549	0.0	1225
gb|JQ394987.1|+|0-1233|ARO:3001328|Ecol_mdfA	NZ_HG941718.1	96.269	1233	1233	1	1233	893011	894243	0.0	2023
gb|U00096.3|-|4377810-4378944|ARO:3004290|Ecol_ampC_BLA	NZ_HG941718.1	97.795	1134	1134	1	1134	4793962	4792829	0.0	1956
gb|X74512.1|+|126-1272|ARO:3004755|BIL-1	NZ_HG941718.1	99.040	1146	1146	1	1146	4940404	4941549	0.0	2056
gb|KP981366.1|+|0-1146|ARO:3004778|CMY-135	NZ_HG941718.1	94.241	1146	1146	1	1146	4940404	4941549	0.0	1751
gb|MG844436.1|+|6618-7764|ARO:3004854|CMY-136	NZ_HG941718.1	99.825	1146	1146	1	1146	4940404	4941549	0.0	2106
gb|NG_056418.1|+|0-861|ARO:3005262|TEM-231	NZ_HG941719.1	99.535	861	861	1	861	39866	40726	0.0	1568
gb|KP862820.1|+|0-1146|ARO:3003652|CMY-132	NZ_HG941718.1	99.825	1146	1146	1	1146	4940404	4941549	0.0	2106
gb|NG_057472.1|+|0-861|ARO:3005263|TEM-232	NZ_HG941719.1	99.768	861	861	1	861	39866	40726	0.0	1580
gb|KP862819.1|+|0-1146|ARO:3003653|CMY-133	NZ_HG941718.1	99.825	1146	1146	1	1146	4940404	4941549	0.0	2106
gb|NG_057581.1|+|0-861|ARO:3005264|TEM-233	NZ_HG941719.1	99.187	861	861	1	861	39866	40726	0.0	1552
gb|GU067642.1|+|534-1008|ARO:3004555|dfrA32	NZ_HG941719.1	90.717	474	474	1	474	88981	89454	0.0	632
gb|NG_054696.1|+|0-861|ARO:3005258|TEM-227	NZ_HG941719.1	98.839	861	861	1	861	39866	40726	0.0	1535
gb|NG_048626.1|+|0-1146|ARO:3006234|ACT-39	NZ_HG941718.1	76.087	322	1146	383	701	4793592	4793273	3.27e-40	163
gb|ASTU01000063.1|+|61248-62787|ARO:3004597|Kpne_KpnH	NZ_HG941718.1	98.376	1539	1539	1	1539	2951572	2953110	0.0	2704
gb|AM743197.2|-|2076-2937|ARO:3001044|TEM-181	NZ_HG941719.1	99.535	861	861	1	861	39866	40726	0.0	1568
gb|HQ730118.1|+|5174-5507|ARO:3005009|qacE	NZ_HG941719.1	99.291	282	333	1	282	90579	90860	2.81e-145	510
gb|U49101.1|+|1490-1838|ARO:3005010|qacEdelta1	NZ_HG941719.1	100.000	348	348	1	348	90579	90926	0.0	643
gb|QCWX01000028.1|-|20234-21380|ARO:3005016|CMY-150	NZ_HG941718.1	94.066	1146	1146	1	1146	4940404	4941549	0.0	1740
gb|KP681697.1|+|0-876|ARO:3003646|CTX-M-162	NZ_HG941719.1	99.772	876	876	1	876	98937	99812	0.0	1607
gb|KP681698.1|+|0-876|ARO:3003647|CTX-M-163	NZ_HG941719.1	99.886	876	876	1	876	98937	99812	0.0	1613
gb|KP727571.1|+|0-876|ARO:3003648|CTX-M-164	NZ_HG941719.1	99.772	876	876	1	876	98937	99812	0.0	1607
gb|LN830266.1|+|0-876|ARO:3003650|CTX-M-166	NZ_HG941719.1	98.630	876	876	1	876	98937	99812	0.0	1552
gb|FO834906.1|-|2173974-2175099|ARO:3005044|OmpA	NZ_HG941718.1	84.158	1111	1125	18	1125	1094381	1093292	0.0	1055
gb|CP007727.1|-|807206-809555|ARO:3005059|LptD	NZ_HG941718.1	77.449	2368	2349	1	2336	63219	60878	0.0	1362
gb|NG_052123.1|+|100-655|ARO:3005112|AAC(6')-Ib-cr3	NZ_HG941719.1	98.921	556	555	1	555	105364	104810	0.0	992
gb|NG_052463.1|+|100-655|ARO:3005114|AAC(6')-Ib-cr4	NZ_HG941719.1	99.820	555	555	1	555	105364	104810	0.0	1020
gb|EU161636.1|+|1021-1576|ARO:3005115|AAC(6')-Ib-cr5	NZ_HG941719.1	99.820	555	555	1	555	105364	104810	0.0	1020
gb|NG_047292.1|+|100-655|ARO:3005116|AAC(6')-Ib-cr6	NZ_HG941719.1	99.640	555	555	1	555	105364	104810	0.0	1014
gb|JABGAB010000032.1|-|11074-11629|ARO:3005117|AAC(6')-Ib-cr7	NZ_HG941719.1	99.820	555	555	1	555	105364	104810	0.0	1020
gb|CP034250.1|-|426089-426644|ARO:3005118|AAC(6')-Ib-cr8	NZ_HG941719.1	99.459	555	555	1	555	105364	104810	0.0	1009
gb|MH569711.1|-|1959-2514|ARO:3005119|AAC(6')-Ib-cr9	NZ_HG941719.1	99.816	543	555	13	555	105352	104810	0.0	998
gb|NG_068038.1|+|0-861|ARO:3005259|TEM-228	NZ_HG941719.1	99.884	861	861	1	861	39866	40726	0.0	1585
gb|KP860987.1|+|10-1156|ARO:3003654|CMY-134	NZ_HG941718.1	99.825	1146	1146	1	1146	4940404	4941549	0.0	2106
gb|NG_052047.1|+|0-1146|ARO:3005204|CMY-143	NZ_HG941718.1	99.825	1146	1146	1	1146	4940404	4941549	0.0	2106
gb|KR061886.1|+|851-1997|ARO:3002119|CMY-107	NZ_HG941718.1	99.825	1146	1146	1	1146	4940404	4941549	0.0	2106
gb|NG_062242.1|+|0-1146|ARO:3005176|CMY-158	NZ_HG941718.1	99.738	1146	1146	1	1146	4940404	4941549	0.0	2100
gb|NG_070783.1|+|0-1146|ARO:3005177|CMY-173	NZ_HG941718.1	99.651	1146	1146	1	1146	4940404	4941549	0.0	2095
gb|NG_052898.1|+|0-1146|ARO:3005180|CMY-147	NZ_HG941718.1	99.738	1146	1146	1	1146	4940404	4941549	0.0	2100
gb|NG_052648.1|+|0-1146|ARO:3005181|CMY-146	NZ_HG941718.1	99.651	1146	1146	1	1146	4940404	4941549	0.0	2095
gb|NG_056410.1|+|0-1146|ARO:3005182|CMY-156	NZ_HG941718.1	99.651	1146	1146	1	1146	4940404	4941549	0.0	2095
gb|NG_057614.1|+|0-1146|ARO:3005183|CMY-160	NZ_HG941718.1	99.825	1146	1146	1	1146	4940404	4941549	0.0	2106
gb|NG_060523.1|+|0-1146|ARO:3005184|CMY-162	NZ_HG941718.1	99.825	1146	1146	1	1146	4940404	4941549	0.0	2106
gb|NG_050943.1|+|0-1146|ARO:3005185|CMY-140	NZ_HG941718.1	99.825	1146	1146	1	1146	4940404	4941549	0.0	2106
gb|NG_065422.1|+|0-1149|ARO:3005186|CMY-164	NZ_HG941718.1	99.652	1149	1149	1	1149	4940404	4941549	0.0	2097
gb|NG_057479.1|+|0-1146|ARO:3005187|CMY-161	NZ_HG941718.1	99.825	1146	1146	1	1146	4940404	4941549	0.0	2106
gb|NG_065862.1|+|0-1146|ARO:3005188|CMY-165	NZ_HG941718.1	99.825	1146	1146	1	1146	4940404	4941549	0.0	2106
gb|NG_065863.1|+|0-1146|ARO:3005189|CMY-166	NZ_HG941718.1	99.738	1146	1146	1	1146	4940404	4941549	0.0	2100
gb|NG_054682.1|+|0-1146|ARO:3005190|CMY-149	NZ_HG941718.1	99.738	1146	1146	1	1146	4940404	4941549	0.0	2100
gb|NG_048807.1|+|0-1146|ARO:3005191|CMY-139	NZ_HG941718.1	99.564	1146	1146	1	1146	4940404	4941549	0.0	2089
gb|NG_054681.1|+|0-1146|ARO:3005192|CMY-148	NZ_HG941718.1	99.651	1146	1146	1	1146	4940404	4941549	0.0	2095
gb|NG_060564.1|+|0-1146|ARO:3005193|CMY-163	NZ_HG941718.1	99.564	1146	1146	1	1146	4940404	4941549	0.0	2089
gb|NG_055270.1|+|0-1146|ARO:3005194|CMY-154	NZ_HG941718.1	99.651	1146	1146	1	1146	4940404	4941549	0.0	2095
gb|NG_051753.1|+|0-1146|ARO:3005195|CMY-142	NZ_HG941718.1	99.825	1146	1146	1	1146	4940404	4941549	0.0	2106
gb|NG_051215.1|+|0-1146|ARO:3005196|CMY-141	NZ_HG941718.1	99.651	1146	1146	1	1146	4940404	4941549	0.0	2095
gb|NG_048794.1|+|0-1146|ARO:3003132|CMY-124	NZ_HG941718.1	97.469	1146	1146	1	1146	4940404	4941549	0.0	1956
gb|NG_048795.1|+|0-1146|ARO:3003133|CMY-125	NZ_HG941718.1	99.564	1146	1146	1	1146	4940404	4941549	0.0	2089
gb|NG_052649.1|+|0-1146|ARO:3005197|CMY-145	NZ_HG941718.1	99.651	1146	1146	1	1146	4940404	4941549	0.0	2095
gb|NG_048793.1|+|0-1146|ARO:3003130|CMY-122	NZ_HG941718.1	96.859	1146	1146	1	1146	4940404	4941549	0.0	1917
gb|NG_055587.1|+|0-1146|ARO:3005198|CMY-157	NZ_HG941718.1	86.475	1146	1146	1	1146	4940404	4941549	0.0	1258
gb|NG_068165.1|+|0-1146|ARO:3005199|CMY-171	NZ_HG941718.1	99.825	1146	1146	1	1146	4940404	4941549	0.0	2106
gb|NG_055473.1|+|0-1146|ARO:3005200|CMY-155	NZ_HG941718.1	97.469	1146	1146	1	1146	4940404	4941549	0.0	1956
gb|NG_048893.1|+|0-1146|ARO:3002109|CMY-96	NZ_HG941718.1	97.382	1146	1146	1	1146	4940404	4941549	0.0	1951
gb|KM507172.1|+|0-1143|ARO:3003129|CMY-121	NZ_HG941718.1	99.825	1143	1143	1	1143	4940407	4941549	0.0	2100
gb|KY978224.1|+|0-1146|ARO:3005216|CMY-152	NZ_HG941718.1	94.503	1146	1146	1	1146	4940404	4941549	0.0	1768
gb|KC007363.1|+|0-1146|ARO:3002110|CMY-97	NZ_HG941718.1	94.241	1146	1146	1	1146	4940404	4941549	0.0	1751
gb|KY780116.1|-|0-1146|ARO:3005217|CMY-151	NZ_HG941718.1	94.328	1146	1146	1	1146	4940404	4941549	0.0	1757
gb|KM985466.1|+|0-1146|ARO:3003136|CMY-128	NZ_HG941718.1	93.892	1146	1146	1	1146	4940404	4941549	0.0	1729
gb|KM985467.1|+|0-1146|ARO:3003137|CMY-129	NZ_HG941718.1	97.208	1146	1146	1	1146	4940404	4941549	0.0	1940
gb|NG_056416.1|+|0-861|ARO:3005260|TEM-229	NZ_HG941719.1	99.303	861	861	1	861	39866	40726	0.0	1557
gb|NG_056417.1|+|0-861|ARO:3005261|TEM-230	NZ_HG941719.1	99.768	861	861	1	861	39866	40726	0.0	1580
gb|KM985465.1|+|0-1146|ARO:3003135|CMY-127	NZ_HG941718.1	97.033	1146	1146	1	1146	4940404	4941549	0.0	1929
gb|HE819403.1|+|0-1146|ARO:3002102|CMY-89	NZ_HG941718.1	94.852	1146	1146	1	1146	4940404	4941549	0.0	1790
gb|MF042206.1|+|0-1146|ARO:3005218|CMY-153	NZ_HG941718.1	99.825	1146	1146	1	1146	4940404	4941549	0.0	2106
gb|KP207589.1|+|0-1146|ARO:3003138|CMY-130	NZ_HG941718.1	99.825	1146	1146	1	1146	4940404	4941549	0.0	2106
gb|KY066478.1|+|2087-3233|ARO:3005219|CMY-144	NZ_HG941718.1	96.684	1146	1146	1	1146	4940404	4941549	0.0	1906
gb|KT997883.1|+|0-1146|ARO:3005220|CMY-138	NZ_HG941718.1	99.738	1146	1146	1	1146	4940404	4941549	0.0	2100
gb|NG_068215.1|+|100-961|ARO:3000877|TEM-5	NZ_HG941719.1	99.652	861	861	1	861	39866	40726	0.0	1574
gb|NG_056168.1|+|0-861|ARO:3000881|TEM-9	NZ_HG941719.1	98.955	861	861	1	861	39866	40726	0.0	1541
gb|NG_068213.1|+|100-961|ARO:3000901|TEM-31	NZ_HG941719.1	99.884	861	861	1	861	39866	40726	0.0	1585
gb|NG_050261.1|+|100-961|ARO:3000902|TEM-32	NZ_HG941719.1	99.652	861	861	1	861	39866	40726	0.0	1574
gb|NG_050264.1|+|13-874|ARO:3000905|TEM-35	NZ_HG941719.1	99.768	861	861	1	861	39866	40726	0.0	1580
gb|NG_052650.1|+|0-861|ARO:3000906|TEM-36	NZ_HG941719.1	99.768	861	861	1	861	39866	40726	0.0	1580
gb|NG_068214.1|+|100-961|ARO:3000907|TEM-37	NZ_HG941719.1	99.768	861	861	1	861	39866	40726	0.0	1580
gb|NG_065940.1|+|0-861|ARO:3000909|TEM-39	NZ_HG941719.1	99.071	861	861	1	861	39866	40726	0.0	1546
gb|NG_050243.1|+|100-961|ARO:3001387|TEM-210	NZ_HG941719.1	99.768	861	861	1	861	39866	40726	0.0	1580
gb|NG_050245.1|+|0-861|ARO:3001389|TEM-212	NZ_HG941719.1	99.303	861	861	1	861	39866	40726	0.0	1557
gb|NG_050254.1|+|0-861|ARO:3005255|TEM-224	NZ_HG941719.1	98.839	861	861	1	861	39866	40726	0.0	1535
gb|NG_052651.1|+|0-861|ARO:3005256|TEM-225	NZ_HG941719.1	99.303	861	861	1	861	39866	40726	0.0	1557
gb|NG_054684.1|+|0-861|ARO:3005257|TEM-226	NZ_HG941719.1	99.652	861	861	1	861	39866	40726	0.0	1574
gb|NG_057609.1|+|0-861|ARO:3005265|TEM-234	NZ_HG941719.1	99.884	861	861	1	861	39866	40726	0.0	1585
gb|NG_059898.1|+|100-961|ARO:3005266|TEM-235	NZ_HG941719.1	99.652	861	861	1	861	39866	40726	0.0	1574
gb|NG_061611.1|+|0-861|ARO:3005267|TEM-236	NZ_HG941719.1	99.419	861	861	1	861	39866	40726	0.0	1563
gb|NG_062250.1|+|100-961|ARO:3005268|TEM-237	NZ_HG941719.1	99.535	861	861	1	861	39866	40726	0.0	1568
gb|NG_067163.1|+|0-861|ARO:3005269|TEM-238	NZ_HG941719.1	99.535	861	861	1	861	39866	40726	0.0	1568
gb|NG_066544.1|+|0-861|ARO:3005270|TEM-240	NZ_HG941719.1	99.535	861	861	1	861	39866	40726	0.0	1568
gb|NG_065938.1|+|0-861|ARO:3005271|TEM-241	NZ_HG941719.1	99.071	861	861	1	861	39866	40726	0.0	1546
gb|NG_065939.1|+|0-861|ARO:3005272|TEM-242	NZ_HG941719.1	99.652	861	861	1	861	39866	40726	0.0	1574
gb|NG_071226.1|+|0-861|ARO:3005273|TEM-243	NZ_HG941719.1	99.419	861	861	1	861	39866	40726	0.0	1563
gb|NG_050710.1|+|0-1146|ARO:3006242|ACT-47	NZ_HG941718.1	71.994	632	1146	107	731	4793868	4793244	1.51e-43	174
gb|NG_050712.1|+|0-1146|ARO:3006244|ACT-49	NZ_HG941718.1	71.964	988	1146	142	1110	4793833	4792865	5.24e-68	255
gb|NG_064666.1|+|0-1146|ARO:3006261|ACT-66	NZ_HG941718.1	71.722	633	1146	106	731	4793869	4793244	9.09e-41	165
gb|NG_064667.1|+|0-1146|ARO:3006262|ACT-67	NZ_HG941718.1	71.835	632	1146	107	731	4793868	4793244	7.02e-42	169
gb|NG_066692.1|+|100-1246|ARO:3006270|ACT-76	NZ_HG941718.1	72.110	986	1146	142	1110	4793833	4792865	2.42e-71	267
gb|NG_067132.1|+|0-1146|ARO:3006271|ACT-77	NZ_HG941718.1	72.312	986	1146	142	1110	4793833	4792865	1.12e-74	278
gb|NG_067972.1|+|0-1146|ARO:3006272|ACT-78	NZ_HG941718.1	71.964	988	1146	142	1110	4793833	4792865	5.24e-68	255
gb|NG_067974.1|+|0-1146|ARO:3006274|ACT-80	NZ_HG941718.1	72.110	986	1146	142	1110	4793833	4792865	2.42e-71	267
gb|NG_067976.1|+|0-1146|ARO:3006276|ACT-82	NZ_HG941718.1	71.935	987	1146	142	1110	4793833	4792865	5.24e-68	255
gb|NG_061417.1|+|0-1146|ARO:3006857|CMH-5	NZ_HG941718.1	71.761	988	1146	116	1100	4940519	4941503	1.45e-73	274
gb|NG_048776.1|+|100-1246|ARO:3002118|CMY-106	NZ_HG941718.1	97.469	1146	1146	1	1146	4940404	4941549	0.0	1956
gb|NG_048779.1|+|0-1146|ARO:3002121|CMY-109	NZ_HG941718.1	94.241	1146	1146	1	1146	4940404	4941549	0.0	1751
gb|NG_048801.1|+|0-1146|ARO:3003170|CMY-131	NZ_HG941718.1	99.651	1146	1146	1	1146	4940404	4941549	0.0	2095
gb|NG_066695.1|+|100-1246|ARO:3006457|CMY-137	NZ_HG941718.1	89.965	1146	1146	1	1146	4940404	4941549	0.0	1480
gb|NG_062243.1|+|0-1146|ARO:3006458|CMY-159	NZ_HG941718.1	88.482	1146	1146	1	1146	4940404	4941549	0.0	1386
gb|NG_065864.1|+|0-1146|ARO:3006459|CMY-167	NZ_HG941718.1	99.651	1146	1146	1	1146	4940404	4941549	0.0	2095
gb|NG_067135.1|+|0-1146|ARO:3006460|CMY-168	NZ_HG941718.1	94.503	1146	1146	1	1146	4940404	4941549	0.0	1768
gb|NG_067136.1|+|0-1131|ARO:3006461|CMY-169	NZ_HG941718.1	93.194	1146	1131	1	1131	4940404	4941549	0.0	1670
gb|NG_067137.1|+|0-1146|ARO:3006462|CMY-170	NZ_HG941718.1	94.764	1146	1146	1	1146	4940404	4941549	0.0	1784
gb|NG_073459.1|+|100-1246|ARO:3006463|CMY-174	NZ_HG941718.1	99.825	1146	1146	1	1146	4940404	4941549	0.0	2106
gb|NG_055268.1|+|0-876|ARO:3001986|CTX-M-127	NZ_HG941719.1	99.886	876	876	1	876	98937	99812	0.0	1613
gb|NG_051737.1|+|0-876|ARO:3001996|CTX-M-138	NZ_HG941719.1	98.516	876	876	1	876	98937	99812	0.0	1546
gb|NG_067138.1|+|0-876|ARO:3002001|CTX-M-143	NZ_HG941719.1	99.886	876	876	1	876	98937	99812	0.0	1613
gb|NG_056169.1|+|100-976|ARO:3002004|CTX-M-146	NZ_HG941719.1	98.630	876	876	1	876	98937	99812	0.0	1552
gb|NG_048936.1|+|0-876|ARO:3002007|CTX-M-150	NZ_HG941719.1	99.543	876	876	1	876	98937	99812	0.0	1596
gb|NG_068167.1|+|0-876|ARO:3002010|CTX-M-153	NZ_HG941719.1	90.205	878	876	1	876	98937	99812	0.0	1142
gb|NG_067221.1|+|0-876|ARO:3002011|CTX-M-154	NZ_HG941719.1	99.886	876	876	1	876	98937	99812	0.0	1613
gb|NG_048952.1|+|0-876|ARO:3005590|CTX-M-167	NZ_HG941719.1	99.772	876	876	1	876	98937	99812	0.0	1607
gb|NG_048954.1|+|100-976|ARO:3005592|CTX-M-169	NZ_HG941719.1	98.858	876	876	1	876	98937	99812	0.0	1563
gb|NG_048956.1|+|0-876|ARO:3005593|CTX-M-170	NZ_HG941719.1	99.886	876	876	1	876	98937	99812	0.0	1613
gb|NG_048957.1|+|0-876|ARO:3005595|CTX-M-172	NZ_HG941719.1	99.886	876	876	1	876	98937	99812	0.0	1613
gb|NG_048958.1|+|0-876|ARO:3005596|CTX-M-173	NZ_HG941719.1	99.886	876	876	1	876	98937	99812	0.0	1613
gb|NG_048960.1|+|0-876|ARO:3005598|CTX-M-175	NZ_HG941719.1	98.630	876	876	1	876	98937	99812	0.0	1552
gb|NG_048961.1|+|0-876|ARO:3005599|CTX-M-176	NZ_HG941719.1	99.886	876	876	1	876	98937	99812	0.0	1613
gb|NG_048962.1|+|0-876|ARO:3005600|CTX-M-177	NZ_HG941719.1	99.429	876	876	1	876	98937	99812	0.0	1591
gb|NG_056408.1|+|0-876|ARO:3005601|CTX-M-178	NZ_HG941719.1	99.886	876	876	1	876	98937	99812	0.0	1613
gb|NG_048963.1|+|0-876|ARO:3005602|CTX-M-179	NZ_HG941719.1	99.772	876	876	1	876	98937	99812	0.0	1607
gb|NG_048964.1|+|0-876|ARO:3005603|CTX-M-180	NZ_HG941719.1	99.886	876	876	1	876	98937	99812	0.0	1613
gb|NG_048965.1|+|0-876|ARO:3005604|CTX-M-181	NZ_HG941719.1	99.886	876	876	1	876	98937	99812	0.0	1613
gb|NG_048966.1|+|0-876|ARO:3005605|CTX-M-182	NZ_HG941719.1	99.886	876	876	1	876	98937	99812	0.0	1613
gb|NG_050812.1|+|0-876|ARO:3005606|CTX-M-183	NZ_HG941719.1	99.886	876	876	1	876	98937	99812	0.0	1613
gb|NG_050813.1|+|0-876|ARO:3005607|CTX-M-184	NZ_HG941719.1	99.886	876	876	1	876	98937	99812	0.0	1613
gb|NG_051165.1|+|0-876|ARO:3005609|CTX-M-186	NZ_HG941719.1	99.886	876	876	1	876	98937	99812	0.0	1613
gb|NG_056409.1|+|0-876|ARO:3005610|CTX-M-187	NZ_HG941719.1	99.429	876	876	1	876	98937	99812	0.0	1591
gb|NG_051467.1|+|0-876|ARO:3005611|CTX-M-188	NZ_HG941719.1	99.886	876	876	1	876	98937	99812	0.0	1613
gb|NG_051468.1|+|0-876|ARO:3005612|CTX-M-189	NZ_HG941719.1	99.886	876	876	1	876	98937	99812	0.0	1613
gb|NG_051509.1|+|100-976|ARO:3005613|CTX-M-190	NZ_HG941719.1	99.772	876	876	1	876	98937	99812	0.0	1607
gb|NG_052899.1|+|0-876|ARO:3005616|CTX-M-193	NZ_HG941719.1	99.886	876	876	1	876	98937	99812	0.0	1613
gb|NG_052900.1|+|0-876|ARO:3005617|CTX-M-194	NZ_HG941719.1	99.886	876	876	1	876	98937	99812	0.0	1613
gb|NG_054686.1|+|0-876|ARO:3005620|CTX-M-197	NZ_HG941719.1	99.886	876	876	1	876	98937	99812	0.0	1613
gb|NG_054961.1|+|0-876|ARO:3005622|CTX-M-199	NZ_HG941719.1	86.917	879	876	1	876	98937	99812	0.0	981
gb|NG_055272.1|+|0-876|ARO:3005625|CTX-M-202	NZ_HG941719.1	99.886	876	876	1	876	98937	99812	0.0	1613
gb|NG_055269.1|+|0-876|ARO:3005626|CTX-M-203	NZ_HG941719.1	99.772	876	876	1	876	98937	99812	0.0	1607
gb|NG_055283.1|+|0-876|ARO:3005627|CTX-M-204	NZ_HG941719.1	99.772	876	876	1	876	98937	99812	0.0	1607
gb|NG_056171.1|+|0-876|ARO:3005629|CTX-M-206	NZ_HG941719.1	98.973	876	876	1	876	98937	99812	0.0	1568
gb|NG_056173.1|+|100-976|ARO:3005630|CTX-M-207	NZ_HG941719.1	99.772	876	876	1	876	98937	99812	0.0	1607
gb|NG_057474.1|+|0-876|ARO:3005631|CTX-M-208	NZ_HG941719.1	99.886	876	876	1	876	98937	99812	0.0	1613
gb|NG_057475.1|+|0-876|ARO:3005632|CTX-M-209	NZ_HG941719.1	99.886	876	876	1	876	98937	99812	0.0	1613
gb|NG_057476.1|+|0-876|ARO:3005633|CTX-M-210	NZ_HG941719.1	99.886	876	876	1	876	98937	99812	0.0	1613
gb|NG_057477.1|+|0-885|ARO:3005634|CTX-M-211	NZ_HG941719.1	99.885	871	885	15	885	98942	99812	0.0	1604
gb|NG_057478.1|+|0-876|ARO:3005635|CTX-M-212	NZ_HG941719.1	99.315	876	876	1	876	98937	99812	0.0	1585
gb|NG_057608.1|+|0-876|ARO:3005639|CTX-M-216	NZ_HG941719.1	99.886	876	876	1	876	98937	99812	0.0	1613
gb|NG_057613.1|+|0-876|ARO:3005641|CTX-M-218	NZ_HG941719.1	99.886	876	876	1	876	98937	99812	0.0	1613
gb|NG_060560.1|+|0-876|ARO:3005643|CTX-M-220	NZ_HG941719.1	99.772	876	876	1	876	98937	99812	0.0	1607
gb|NG_061413.1|+|0-876|ARO:3005644|CTX-M-221	NZ_HG941719.1	86.014	715	876	163	876	99099	99812	0.0	765
gb|NG_061609.1|+|0-876|ARO:3005645|CTX-M-222	NZ_HG941719.1	98.630	876	876	1	876	98937	99812	0.0	1552
gb|NG_062241.1|+|100-976|ARO:3005647|CTX-M-224	NZ_HG941719.1	99.886	876	876	1	876	98937	99812	0.0	1613
gb|NG_064720.1|+|72-948|ARO:3005648|CTX-M-225	NZ_HG941719.1	99.886	876	876	1	876	98937	99812	0.0	1613
gb|NG_064721.1|+|0-876|ARO:3005649|CTX-M-226	NZ_HG941719.1	99.772	876	876	1	876	98937	99812	0.0	1607
gb|NG_065865.1|+|0-876|ARO:3005650|CTX-M-227	NZ_HG941719.1	99.658	876	876	1	876	98937	99812	0.0	1602
gb|NG_065866.1|+|0-876|ARO:3005651|CTX-M-228	NZ_HG941719.1	99.886	876	876	1	876	98937	99812	0.0	1613
gb|NG_067139.1|+|0-876|ARO:3005653|CTX-M-230	NZ_HG941719.1	99.772	876	876	1	876	98937	99812	0.0	1607
gb|NG_067140.1|+|0-876|ARO:3005654|CTX-M-231	NZ_HG941719.1	99.886	876	876	1	876	98937	99812	0.0	1613
gb|NG_067141.1|+|0-876|ARO:3005655|CTX-M-232	NZ_HG941719.1	99.886	876	876	1	876	98937	99812	0.0	1613
gb|NG_068168.1|+|0-876|ARO:3005657|CTX-M-234	NZ_HG941719.1	89.977	878	876	1	876	98937	99812	0.0	1131
gb|NG_068506.1|+|100-976|ARO:3005659|CTX-M-236	NZ_HG941719.1	99.772	876	876	1	876	98937	99812	0.0	1607
gb|NG_070730.1|+|0-876|ARO:3005660|CTX-M-237	NZ_HG941719.1	99.886	876	876	1	876	98937	99812	0.0	1613
gb|NG_070731.1|+|0-876|ARO:3005661|CTX-M-238	NZ_HG941719.1	99.886	876	876	1	876	98937	99812	0.0	1613
gb|NG_073460.1|+|0-876|ARO:3005666|CTX-M-244	NZ_HG941719.1	99.886	876	876	1	876	98937	99812	0.0	1613
gb|NG_049079.1|+|100-1234|ARO:3006874|EC-13	NZ_HG941718.1	96.649	1134	1134	1	1134	4793962	4792829	0.0	1884
gb|NG_049080.1|+|100-1234|ARO:3006875|EC-14	NZ_HG941718.1	96.649	1134	1134	1	1134	4793962	4792829	0.0	1884
gb|NG_049081.1|+|100-1234|ARO:3006876|EC-15	NZ_HG941718.1	96.737	1134	1134	1	1134	4793962	4792829	0.0	1890
gb|NG_049082.1|+|100-1234|ARO:3006877|EC-16	NZ_HG941718.1	96.649	1134	1134	1	1134	4793962	4792829	0.0	1884
gb|NG_049083.1|+|100-1234|ARO:3006878|EC-18	NZ_HG941718.1	96.649	1134	1134	1	1134	4793962	4792829	0.0	1884
gb|NG_049084.1|+|100-1234|ARO:3006879|EC-19	NZ_HG941718.1	99.118	1134	1134	1	1134	4793962	4792829	0.0	2039
gb|NG_049085.1|+|100-1234|ARO:3006880|EC-5	NZ_HG941718.1	99.471	1134	1134	1	1134	4793962	4792829	0.0	2061
gb|NG_049086.1|+|100-1234|ARO:3006881|EC-8	NZ_HG941718.1	97.619	1134	1134	1	1134	4793962	4792829	0.0	1945
gb|NG_049241.1|+|100-976|ARO:3006927|KLUC-1	NZ_HG941719.1	79.564	871	876	1	863	98937	99799	2.65e-174	608
gb|NG_049242.1|+|100-976|ARO:3006928|KLUC-2	NZ_HG941719.1	79.449	871	876	1	863	98937	99799	1.23e-172	603
gb|NG_062209.1|+|0-876|ARO:3006929|KLUC-3	NZ_HG941719.1	79.679	871	876	1	863	98937	99799	5.70e-176	614
gb|NG_062210.1|+|0-876|ARO:3006930|KLUC-4	NZ_HG941719.1	79.334	871	876	1	863	98937	99799	5.74e-171	597
gb|NG_062249.1|+|100-976|ARO:3006931|KLUC-5	NZ_HG941719.1	79.564	871	876	1	863	98937	99799	2.65e-174	608
gb|NG_051517.1|+|0-831|ARO:3005764|OXA-534	NZ_HG941719.1	99.880	831	831	1	831	104679	103849	0.0	1530
gb|NG_062270.1|+|0-831|ARO:3005883|OXA-675	NZ_HG941719.1	97.112	831	831	1	831	104679	103849	0.0	1402
gb|NG_064754.1|+|100-931|ARO:3005996|OXA-796	NZ_HG941719.1	99.880	831	831	1	831	104679	103849	0.0	1530
gb|NG_070184.1|+|0-831|ARO:3006107|OXA-921	NZ_HG941719.1	97.954	831	831	1	831	104679	103849	0.0	1441
gb|NG_049848.1|+|0-873|ARO:3002406|OXY-2-11	NZ_HG941719.1	73.960	745	873	127	863	99066	99802	1.41e-77	287
gb|NG_049849.1|+|0-873|ARO:3002407|OXY-2-12	NZ_HG941719.1	74.015	685	873	127	803	99066	99742	6.59e-71	265
gb|NG_049850.1|+|0-873|ARO:3002408|OXY-2-13	NZ_HG941719.1	74.123	684	873	127	803	99066	99742	1.42e-72	270
gb|NG_047529.1|+|94-967|ARO:3006129|OXY-2-14	NZ_HG941719.1	74.161	685	873	127	803	99066	99742	1.42e-72	270
gb|NG_049851.1|+|0-867|ARO:3006130|OXY-2-15	NZ_HG941719.1	74.015	685	867	127	797	99066	99742	3.05e-69	259
gb|NG_050307.1|+|0-861|ARO:3006139|TEM-98	NZ_HG941719.1	99.531	853	861	9	861	39874	40726	0.0	1554
gb|NG_050308.1|+|0-861|ARO:3006140|TEM-99	NZ_HG941719.1	99.648	853	861	9	861	39874	40726	0.0	1559
gb|FJ768952.1|+|0-1488|ARO:3000237|TolC	NZ_HG941718.1	98.185	1488	1488	1	1488	3477967	3479454	0.0	2599
gb|U00096.3|-|2306971-2308615|ARO:3003952|YojI	NZ_HG941718.1	97.447	1645	1644	1	1644	2505726	2504083	0.0	2804
gb|ON651488.1|+|0-861|ARO:3007451|TEM-247	NZ_HG941719.1	99.303	861	861	1	861	39866	40726	0.0	1557
gb|AY522923.1|-|7744-8983|ARO:3003839|Mrx	NZ_HG941719.1	100.000	1239	1239	1	1239	97073	95835	0.0	2289
gb|LR730402.1|+|740042-740987|ARO:3003843|leuO	NZ_HG941718.1	98.201	945	945	1	945	93186	94130	0.0	1652
gb|AJ584652.2|+|1926-2913|ARO:3002599|AAC6_30_AAC6_Ib	NZ_HG941719.1	99.309	579	987	409	987	105388	104810	0.0	1048
gb|AF453998.2|+|3554-4946|ARO:3002598|ANT3II_ANT6II	NZ_HG941719.1	99.490	588	1392	805	1392	105397	104810	0.0	1070
gb|NC_004337.2|-|420956-422150|ARO:3007509|Sfle_acrA	NZ_HG941718.1	98.660	1194	1194	1	1194	514822	513629	0.0	2117
gb|OM617738.1|+|0-861|ARO:3007448|TEM-246	NZ_HG941719.1	99.768	861	861	1	861	39866	40726	0.0	1580
gb|MZ026156.1|+|0-861|ARO:3007453|TEM-244	NZ_HG941719.1	99.535	861	861	1	861	39866	40726	0.0	1568
gb|OM617737.1|+|0-861|ARO:3007454|TEM-245	NZ_HG941719.1	99.884	861	861	1	861	39866	40726	0.0	1585
gb|KJ650399.1|+|0-1149|ARO:3007650|CDA-1	NZ_HG941718.1	71.429	889	1149	231	1103	4793747	4792875	5.37e-53	206
gb|AAAGNS010000063.1|-|144-1005|ARO:3000966|TEM-103	NZ_HG941719.1	99.884	861	861	1	861	39866	40726	0.0	1585
gb|LC542923.1|-|2479-3340|ARO:3000930|TEM-61	NZ_HG941719.1	99.071	861	861	1	861	39866	40726	0.0	1546
gb|OQ297612.1|+|0-1146|ARO:3007695|CMY-185	NZ_HG941718.1	99.476	1146	1146	1	1146	4940404	4941549	0.0	2084
gb|NG_067968.1|+|100-655|ARO:3007770|aac(6')-Ib-cr10	NZ_HG941719.1	99.820	555	555	1	555	105364	104810	0.0	1020
gb|NG_067969.1|+|100-655|ARO:3007771|aac(6')-Ib-cr11	NZ_HG941719.1	99.820	555	555	1	555	105364	104810	0.0	1020
gb|AL513383.1|+|161910-162771|ARO:3000873|TEM-1	NZ_HG941719.1	99.884	861	861	1	861	39866	40726	0.0	1585
gb|MT990446.1|+|54-1044|ARO:3007837|CARB-58	NZ_HG941719.1	100.000	62	990	1	62	88906	88967	7.99e-26	115
gb|OR398188.1|+|0-1146|ARO:3007903|ACT-121	NZ_HG941718.1	71.370	978	1146	142	1100	4793833	4792875	1.91e-57	220
gb|OR398191.1|+|0-1146|ARO:3007906|ACT-124	NZ_HG941718.1	74.221	353	1146	383	731	4793592	4793244	1.53e-33	141
gb|DAOHVV010000003.1|+|383117-384263|ARO:3007908|ACT-140	NZ_HG941718.1	71.964	988	1146	142	1110	4793833	4792865	5.24e-68	255
gb|ABMQTZ020000010.1|+|130659-131805|ARO:3007914|ACT-146	NZ_HG941718.1	72.211	986	1146	142	1110	4793833	4792865	5.20e-73	272
gb|CP141897.1|+|2650701-2651847|ARO:3007918|ACT-153	NZ_HG941718.1	72.008	986	1146	142	1110	4793833	4792865	1.13e-69	261
gb|JAJSXK010000010.1|-|18801-19947|ARO:3007924|ACT-159	NZ_HG941718.1	71.356	988	1146	142	1110	4793833	4792865	5.32e-58	222
gb|JAKMOE010000004.1|+|493276-494422|ARO:3007925|ACT-160	NZ_HG941718.1	72.166	988	1146	142	1110	4793833	4792865	2.42e-71	267
gb|JAXROJ010000007.1|+|195157-196303|ARO:3007928|ACT-165	NZ_HG941718.1	72.368	988	1146	142	1110	4793833	4792865	1.12e-74	278
gb|PP740478.1|+|0-1146|ARO:3007933|ACT-170	NZ_HG941718.1	71.935	987	1146	142	1110	4793833	4792865	5.24e-68	255
gb|PP740480.1|+|0-1146|ARO:3007935|ACT-172	NZ_HG941718.1	72.110	986	1146	142	1110	4793833	4792865	2.42e-71	267
gb|PP740483.1|+|0-1146|ARO:3007938|ACT-175	NZ_HG941718.1	72.323	990	1146	142	1110	4793833	4792865	5.20e-73	272
gb|PP740496.1|+|0-1146|ARO:3007951|ACT-188	NZ_HG941718.1	72.036	987	1146	142	1110	4793833	4792865	1.13e-69	261
gb|PP740497.1|+|0-1146|ARO:3007952|ACT-189	NZ_HG941718.1	74.074	351	1146	383	731	4793592	4793244	1.53e-33	141
gb|PP740500.1|+|0-1146|ARO:3007955|ACT-192	NZ_HG941718.1	70.257	1012	1146	106	1103	4793869	4792872	4.20e-44	176
gb|PP740501.1|+|0-1146|ARO:3007956|ACT-193	NZ_HG941718.1	73.668	995	1146	109	1094	4940512	4941497	1.79e-102	370
gb|AYIM01000001.1|-|557504-558650|ARO:3007962|ACT-90	NZ_HG941718.1	75.499	351	1146	383	731	4793592	4793244	7.02e-42	169
gb|DAJEDZ010000031.1|+|12001-13147|ARO:3008092|CMH-17	NZ_HG941718.1	72.571	988	1146	116	1100	4940519	4941503	6.59e-87	318
gb|PP740472.1|+|0-1146|ARO:3008105|CMH-32	NZ_HG941718.1	72.883	992	1146	116	1100	4940519	4941503	3.05e-90	329
gb|PP740474.1|+|0-1146|ARO:3008107|CMH-34	NZ_HG941718.1	72.654	991	1146	116	1100	4940519	4941503	6.59e-87	318
gb|MT752965.1|+|0-1137|ARO:3008111|CMY-172	NZ_HG941718.1	99.040	1146	1137	1	1137	4940404	4941549	0.0	2047
gb|MZ092822.1|+|0-1146|ARO:3008112|CMY-175	NZ_HG941718.1	99.564	1146	1146	1	1146	4940404	4941549	0.0	2089
gb|MZ092823.1|+|0-1146|ARO:3008113|CMY-176	NZ_HG941718.1	97.469	1146	1146	1	1146	4940404	4941549	0.0	1956
gb|OK217282.1|+|0-1146|ARO:3008114|CMY-177	NZ_HG941718.1	99.738	1146	1146	1	1146	4940404	4941549	0.0	2100
gb|OK554431.1|+|0-1137|ARO:3008115|CMY-178	NZ_HG941718.1	98.953	1146	1137	1	1137	4940404	4941549	0.0	2041
gb|OL606718.1|+|0-1146|ARO:3008116|CMY-179	NZ_HG941718.1	88.743	1146	1146	1	1146	4940404	4941549	0.0	1402
gb|OL445412.1|+|0-1146|ARO:3008117|CMY-180	NZ_HG941718.1	94.590	1146	1146	1	1146	4940404	4941549	0.0	1773
gb|OP081530.1|+|0-1146|ARO:3008118|CMY-181	NZ_HG941718.1	94.415	1146	1146	1	1146	4940404	4941549	0.0	1762
gb|LC733684.1|+|0-1146|ARO:3008119|CMY-182	NZ_HG941718.1	89.965	1146	1146	1	1146	4940404	4941549	0.0	1480
gb|LC733685.1|+|0-1146|ARO:3008120|CMY-183	NZ_HG941718.1	97.382	1146	1146	1	1146	4940404	4941549	0.0	1951
gb|OP950674.1|+|63-1209|ARO:3008121|CMY-184	NZ_HG941718.1	99.651	1146	1146	1	1146	4940404	4941549	0.0	2095
gb|JASAUU010000053.1|-|658-1804|ARO:3008122|CMY-186	NZ_HG941718.1	99.651	1146	1146	1	1146	4940404	4941549	0.0	2095
gb|OR562100.1|+|0-1146|ARO:3008123|CMY-188	NZ_HG941718.1	94.764	1146	1146	1	1146	4940404	4941549	0.0	1784
gb|D13207.1|+|142-1288|ARO:3008124|CMY-189	NZ_HG941718.1	94.852	1146	1146	1	1146	4940404	4941549	0.0	1790
gb|OR896917.1|+|0-1146|ARO:3008125|CMY-190	NZ_HG941718.1	85.777	1146	1146	1	1146	4940404	4941549	0.0	1214
gb|PP575761.1|+|0-1146|ARO:3008126|CMY-191	NZ_HG941718.1	99.651	1146	1146	1	1146	4940404	4941549	0.0	2095
gb|PP693800.1|+|0-1149|ARO:3008127|CMY-192	NZ_HG941718.1	98.937	1129	1149	30	1149	4940422	4941549	0.0	2010
gb|PQ374838.1|+|0-1146|ARO:3008128|CMY-194	NZ_HG941718.1	99.738	1146	1146	1	1146	4940404	4941549	0.0	2100
gb|PQ394536.1|+|0-1146|ARO:3008129|CMY-195	NZ_HG941718.1	99.651	1146	1146	1	1146	4940404	4941549	0.0	2095
gb|PQ394537.1|+|0-1146|ARO:3008130|CMY-196	NZ_HG941718.1	99.651	1146	1146	1	1146	4940404	4941549	0.0	2095
gb|PQ394538.1|+|0-1146|ARO:3008131|CMY-197	NZ_HG941718.1	99.651	1146	1146	1	1146	4940404	4941549	0.0	2095
gb|PQ394539.1|+|0-1146|ARO:3008132|CMY-198	NZ_HG941718.1	99.825	1146	1146	1	1146	4940404	4941549	0.0	2106
gb|PQ394540.1|+|0-1146|ARO:3008133|CMY-199	NZ_HG941718.1	99.825	1146	1146	1	1146	4940404	4941549	0.0	2106
gb|MN928785.1|+|0-876|ARO:3008135|CTX-M-245	NZ_HG941719.1	99.543	876	876	1	876	98937	99812	0.0	1596
gb|MZ092824.1|+|0-876|ARO:3008136|CTX-M-246	NZ_HG941719.1	97.143	875	876	1	875	98937	99811	0.0	1478
gb|OK217281.1|+|0-876|ARO:3008140|CTX-M-251	NZ_HG941719.1	99.772	876	876	1	876	98937	99812	0.0	1607
gb|ON651487.1|+|0-876|ARO:3008143|CTX-M-254	NZ_HG941719.1	99.886	876	876	1	876	98937	99812	0.0	1613
gb|OP081688.1|+|0-876|ARO:3008145|CTX-M-256	NZ_HG941719.1	99.886	876	876	1	876	98937	99812	0.0	1613
gb|OP297846.1|+|0-876|ARO:3008146|CTX-M-257	NZ_HG941719.1	99.772	876	876	1	876	98937	99812	0.0	1607
gb|OP346113.1|+|0-876|ARO:3008147|CTX-M-258	NZ_HG941719.1	99.886	876	876	1	876	98937	99812	0.0	1613
gb|OP572233.1|+|0-876|ARO:3008148|CTX-M-259	NZ_HG941719.1	99.886	876	876	1	876	98937	99812	0.0	1613
gb|OQ942222.1|+|0-876|ARO:3008150|CTX-M-261	NZ_HG941719.1	99.772	876	876	1	876	98937	99812	0.0	1607
gb|OQ135098.1|+|0-876|ARO:3008151|CTX-M-262	NZ_HG941719.1	99.658	876	876	1	876	98937	99812	0.0	1602
gb|OQ135099.1|+|0-876|ARO:3008152|CTX-M-263	NZ_HG941719.1	99.543	876	876	1	876	98937	99812	0.0	1596
gb|OQ135100.1|+|0-876|ARO:3008153|CTX-M-264	NZ_HG941719.1	98.858	876	876	1	876	98937	99812	0.0	1563
gb|OQ135101.1|+|0-876|ARO:3008154|CTX-M-265	NZ_HG941719.1	99.087	876	876	1	876	98937	99812	0.0	1574
gb|OR224962.1|+|0-876|ARO:3008155|CTX-M-266	NZ_HG941719.1	99.886	876	876	1	876	98937	99812	0.0	1613
gb|OR350836.1|+|63-939|ARO:3008157|CTX-M-268	NZ_HG941719.1	99.886	876	876	1	876	98937	99812	0.0	1613
gb|ABTDWX010000102.1|+|497-1373|ARO:3008160|CTX-M-271	NZ_HG941719.1	99.886	876	876	1	876	98937	99812	0.0	1613
gb|PQ324802.1|+|0-876|ARO:3008162|CTX-M-273	NZ_HG941719.1	99.886	876	876	1	876	98937	99812	0.0	1613
gb|PQ394541.1|+|0-876|ARO:3008163|CTX-M-274	NZ_HG941719.1	99.886	876	876	1	876	98937	99812	0.0	1613
gb|PQ394542.1|+|0-876|ARO:3008164|CTX-M-275	NZ_HG941719.1	99.886	876	876	1	876	98937	99812	0.0	1613
gb|PQ394543.1|+|0-876|ARO:3008165|CTX-M-276	NZ_HG941719.1	99.886	876	876	1	876	98937	99812	0.0	1613
gb|LC732564.1|+|0-876|ARO:3008229|KLUC-6	NZ_HG941719.1	79.334	871	876	1	863	98937	99799	5.74e-171	597
gb|LC651191.1|+|0-831|ARO:3008461|OXA-1042	NZ_HG941719.1	99.880	831	831	1	831	104679	103849	0.0	1530
gb|CP056453.1|+|4671971-4672847|ARO:3008777|OXY-1-11	NZ_HG941719.1	75.510	735	876	142	866	99078	99802	2.97e-94	342
gb|LJFC02000166.1|+|129022-129895|ARO:3008778|OXY-1-12	NZ_HG941719.1	75.238	735	873	139	863	99078	99802	6.41e-91	331
gb|CP073305.1|+|4910875-4911748|ARO:3008779|OXY-1-13	NZ_HG941719.1	75.307	733	873	139	861	99078	99800	1.78e-91	333
gb|WUMF01000005.1|+|80389-81265|ARO:3008780|OXY-1-16	NZ_HG941719.1	75.374	735	876	142	866	99078	99802	1.38e-92	337
gb|CP048108.1|+|2989578-2990454|ARO:3008781|OXY-1-17	NZ_HG941719.1	75.374	735	876	142	866	99078	99802	1.38e-92	337
gb|CP060111.1|+|4576168-4577044|ARO:3008782|OXY-1-18	NZ_HG941719.1	75.374	735	876	142	866	99078	99802	1.38e-92	337
gb|KT001249.1|+|0-873|ARO:3008788|OXY-2-17	NZ_HG941719.1	73.869	685	873	127	803	99066	99742	3.07e-69	259
gb|CACSHZ010000084.1|-|200746-201619|ARO:3008789|OXY-2-18	NZ_HG941719.1	74.307	685	873	127	803	99066	99742	3.05e-74	276
gb|KT001251.1|+|0-873|ARO:3008790|OXY-2-19	NZ_HG941719.1	74.307	685	873	127	803	99066	99742	3.05e-74	276
gb|VNUM01000003.1|-|39807-40680|ARO:3008791|OXY-2-20	NZ_HG941719.1	74.307	685	873	127	803	99066	99742	3.05e-74	276
gb|FLAI01000001.1|+|590655-591528|ARO:3008792|OXY-2-21	NZ_HG941719.1	74.453	685	873	127	803	99066	99742	6.55e-76	281
gb|CP057330.1|+|4406764-4407637|ARO:3008793|OXY-2-22	NZ_HG941719.1	74.307	685	873	127	803	99066	99742	3.05e-74	276
gb|FKZK01000002.1|+|314693-315560|ARO:3008794|OXY-2-23	NZ_HG941719.1	73.869	685	867	127	797	99066	99742	1.42e-67	254
gb|FKYZ01000006.1|+|146836-147703|ARO:3008795|OXY-2-24	NZ_HG941719.1	74.015	685	867	127	797	99066	99742	3.05e-69	259
gb|PCMV01000012.1|+|164084-164957|ARO:3008796|OXY-2-25	NZ_HG941719.1	74.307	685	873	127	803	99066	99742	3.05e-74	276
gb|CAJNWH010000001.1|+|4302632-4303505|ARO:3008797|OXY-2-26	NZ_HG941719.1	73.869	685	873	127	803	99066	99742	3.07e-69	259
gb|VNUT01000008.1|-|17437-18310|ARO:3008798|OXY-2-27	NZ_HG941719.1	74.161	685	873	127	803	99066	99742	1.42e-72	270
gb|DACSOX010000001.1|-|173022-173892|ARO:3008799|OXY-2-28	NZ_HG941719.1	74.015	685	870	124	800	99066	99742	6.57e-71	265
gb|CP093271.1|+|4297978-4298848|ARO:3008800|OXY-2-30	NZ_HG941719.1	74.161	685	870	124	800	99066	99742	1.41e-72	270
gb|CABGHC010000001.1|+|1048283-1049156|ARO:3008803|OXY-4-2	NZ_HG941719.1	74.658	730	873	139	863	99078	99802	6.45e-86	315
gb|CP073236.1|-|5453997-5454870|ARO:3008804|OXY-4-3	NZ_HG941719.1	74.692	731	873	139	863	99078	99802	6.45e-86	315
gb|CABGHE010000001.1|+|1127453-1128326|ARO:3008805|OXY-4-4	NZ_HG941719.1	74.590	732	873	139	863	99078	99802	3.00e-84	309
gb|CABGHB010000001.1|+|1091466-1092339|ARO:3008806|OXY-4-5	NZ_HG941719.1	75.299	668	873	139	800	99078	99739	3.00e-84	309
gb|JACOEB010000001.1|+|150967-151840|ARO:3008807|OXY-5-10	NZ_HG941719.1	74.488	733	873	139	863	99078	99802	1.40e-82	303
gb|CP095761.1|+|4380895-4381768|ARO:3008808|OXY-5-11	NZ_HG941719.1	75.034	733	873	139	863	99078	99802	2.98e-89	326
gb|CP055325.1|+|4352948-4353821|ARO:3008809|OXY-5-6	NZ_HG941719.1	74.761	733	873	139	863	99078	99802	6.45e-86	315
gb|CP058212.1|+|4461815-4462688|ARO:3008810|OXY-5-7	NZ_HG941719.1	74.829	731	873	139	863	99078	99802	1.39e-87	320
gb|CP055985.1|-|4819368-4820241|ARO:3008811|OXY-5-8	NZ_HG941719.1	74.625	733	873	139	863	99078	99802	3.00e-84	309
gb|CP055315.1|+|4323852-4324728|ARO:3008812|OXY-6-10	NZ_HG941719.1	75.234	747	876	129	866	99065	99802	3.84e-93	339
gb|CP067433.1|-|31310-32186|ARO:3008813|OXY-6-11	NZ_HG941719.1	75.000	776	876	100	866	99036	99802	2.97e-94	342
gb|CP056150.1|+|4518796-4519669|ARO:3008814|OXY-6-5	NZ_HG941719.1	75.129	776	873	97	863	99036	99802	6.36e-96	348
gb|CP091752.1|+|4194727-4195603|ARO:3008815|OXY-6-7	NZ_HG941719.1	75.502	747	876	129	866	99065	99802	1.78e-96	350
gb|KT001254.1|+|0-873|ARO:3008816|OXY-7-1	NZ_HG941719.1	74.799	746	873	127	863	99066	99802	1.39e-87	320
gb|PP336699.1|+|0-885|ARO:3009044|SED-2	NZ_HG941719.1	73.859	723	885	106	815	99033	99742	6.69e-71	265
gb|MK497256.1|+|0-864|ARO:3009066|TEM-239	NZ_HG941719.1	99.653	864	864	1	864	39866	40726	0.0	1576
gb|OP142511.1|+|0-861|ARO:3009067|TEM-248	NZ_HG941719.1	99.535	861	861	1	861	39866	40726	0.0	1568
gb|OP142512.1|+|0-861|ARO:3009068|TEM-249	NZ_HG941719.1	99.768	861	861	1	861	39866	40726	0.0	1581
gb|OQ592371.1|+|0-861|ARO:3009069|TEM-250	NZ_HG941719.1	98.955	861	861	1	861	39866	40726	0.0	1541
gb|OQ870701.1|-|0-861|ARO:3009070|TEM-251	NZ_HG941719.1	99.535	861	861	1	861	39866	40726	0.0	1568
gb|PP933208.1|+|0-861|ARO:3009071|TEM-252	NZ_HG941719.1	99.652	861	861	1	861	39866	40726	0.0	1574
gb|PQ037599.1|+|0-861|ARO:3009072|TEM-253	NZ_HG941719.1	99.768	861	861	1	861	39866	40726	0.0	1580
gb|PQ037600.1|+|0-861|ARO:3009073|TEM-254	NZ_HG941719.1	99.652	861	861	1	861	39866	40726	0.0	1574
gb|PQ284151.1|-|549-1410|ARO:3009074|TEM-255	NZ_HG941719.1	99.884	861	861	1	861	39866	40726	0.0	1585
gb|PQ284152.1|+|700-1561|ARO:3009075|TEM-256	NZ_HG941719.1	99.884	861	861	1	861	39866	40726	0.0	1585
gb|PQ284153.1|+|0-861|ARO:3009076|TEM-257	NZ_HG941719.1	99.884	861	861	1	861	39866	40726	0.0	1585
gb|PQ362078.1|+|0-861|ARO:3009077|TEM-258	NZ_HG941719.1	99.187	861	861	1	861	39866	40726	0.0	1552
gb|OQ726107.1|+|0-873|ARO:3008149|CTX-M-260	NZ_HG941719.1	96.793	873	873	1	873	98937	99809	0.0	1458
gb|MG028661.1|+|0-876|ARO:3009192|OXY-1-7	NZ_HG941719.1	75.374	735	876	142	866	99078	99802	1.38e-92	337
gb|AF355189.1|+|1434-2439|ARO:3002600|AAC_3Ib_AAC_6Ib	NZ_HG941719.1	99.097	554	1005	452	1005	105363	104810	0.0	996
