Protein id,Contig id,Start,Stop,Strand,Element symbol,Element name,Scope,Type,Subtype,Class,Subclass,Method,Target length,Reference sequence length,% Coverage of reference,% Identity to reference,Alignment length,Closest reference accession,Closest reference name,HMM accession,HMM description,accession,strain,category
,NC_000913.3,3415033,3418134,+,acrF,multidrug efflux RND transporter permease subunit AcrF,plus,AMR,AMR,EFFLUX,EFFLUX,EXACTX,1034,1034.0,100.0,100.0,1034,AAC76298.1,multidrug efflux RND transporter permease subunit AcrF,,,GCF_000005845.2,K-12 MG1655,intrinsic
,NC_000913.3,4377814,4378944,-,blaEC,BlaEC family class C beta-lactamase,plus,AMR,AMR,BETA-LACTAM,BETA-LACTAM,EXACTX,377,377.0,100.0,100.0,377,AAC77110.1,BlaEC family class C beta-lactamase,,,GCF_000005845.2,K-12 MG1655,intrinsic
,NC_000913.3,4567290,4568519,-,mdtM,multidrug efflux MFS transporter MdtM,plus,AMR,AMR,EFFLUX,EFFLUX,EXACTX,410,410.0,100.0,100.0,410,AAC77293.1,multidrug efflux MFS transporter MdtM,,,GCF_000005845.2,K-12 MG1655,intrinsic
,NC_004431.1,3846801,3849902,+,acrF,multidrug efflux RND transporter permease subunit AcrF,plus,AMR,AMR,EFFLUX,EFFLUX,BLASTX,1034,1034.0,100.0,99.42,1034,AAC76298.1,multidrug efflux RND transporter permease subunit AcrF,,,GCF_000007445.1,CFT073,intrinsic
,NC_004431.1,4359568,4360755,+,emrD,multidrug efflux MFS transporter EmrD,plus,AMR,AMR,EFFLUX,EFFLUX,BLASTX,396,396.0,100.0,99.49,396,EFF04178.1,multidrug efflux MFS transporter EmrD,,,GCF_000007445.1,CFT073,intrinsic
,NC_004431.1,4986535,4987665,-,blaEC-5,cephalosporin-hydrolyzing class C beta-lactamase EC-5,plus,AMR,AMR,BETA-LACTAM,CEPHALOSPORIN,ALLELEX,377,377.0,100.0,100.0,377,AAZ85965.1,cephalosporin-hydrolyzing class C beta-lactamase EC-5,,,GCF_000007445.1,CFT073,intrinsic
,NC_002695.2,4150120,4153266,+,acrF,multidrug efflux RND transporter permease subunit AcrF,plus,AMR,AMR,EFFLUX,EFFLUX,INTERNAL_STOP,1049,1034.0,100.0,97.52,1049,AAC76298.1,multidrug efflux RND transporter permease subunit AcrF,,,GCF_000008865.2,O157:H7 Sakai,intrinsic
,NC_002695.2,4644516,4645703,+,emrD,multidrug efflux MFS transporter EmrD,plus,AMR,AMR,EFFLUX,EFFLUX,BLASTX,396,396.0,100.0,99.49,396,EFF04178.1,multidrug efflux MFS transporter EmrD,,,GCF_000008865.2,O157:H7 Sakai,intrinsic
,NC_002695.2,5232221,5233351,-,blaEC,BlaEC family class C beta-lactamase,plus,AMR,AMR,BETA-LACTAM,BETA-LACTAM,BLASTX,377,377.0,100.0,98.14,377,WP_063610930.1,extended-spectrum class C beta-lactamase EC-15,,,GCF_000008865.2,O157:H7 Sakai,intrinsic
,NC_002695.2,5430533,5431762,-,mdtM,multidrug efflux MFS transporter MdtM,plus,AMR,AMR,EFFLUX,EFFLUX,BLASTX,410,410.0,100.0,98.05,410,AAC77293.1,multidrug efflux MFS transporter MdtM,,,GCF_000008865.2,O157:H7 Sakai,intrinsic
,NC_017654.1,789,1646,-,blaTEM-1,broad-spectrum class A beta-lactamase TEM-1,core,AMR,AMR,BETA-LACTAM,BETA-LACTAM,ALLELEX,286,286.0,100.0,100.0,286,WP_000027057.1,broad-spectrum class A beta-lactamase TEM-1,,,GCF_000245515.1,O55:H7 RM12579,acquired
,NC_017656.1,3947246,3950347,+,acrF,multidrug efflux RND transporter permease subunit AcrF,plus,AMR,AMR,EFFLUX,EFFLUX,BLASTX,1034,1034.0,100.0,99.32,1034,AAC76298.1,multidrug efflux RND transporter permease subunit AcrF,,,GCF_000245515.1,O55:H7 RM12579,intrinsic
,NC_017656.1,4440330,4441517,+,emrD,multidrug efflux MFS transporter EmrD,plus,AMR,AMR,EFFLUX,EFFLUX,BLASTX,396,396.0,100.0,99.49,396,EFF04178.1,multidrug efflux MFS transporter EmrD,,,GCF_000245515.1,O55:H7 RM12579,intrinsic
,NC_017656.1,4988843,4989970,-,blaEC,BlaEC family class C beta-lactamase,plus,AMR,AMR,BETA-LACTAM,BETA-LACTAM,BLASTX,376,377.0,100.0,97.61,377,WP_063610930.1,extended-spectrum class C beta-lactamase EC-15,,,GCF_000245515.1,O55:H7 RM12579,intrinsic
,NC_017656.1,5195723,5196952,-,mdtM,multidrug efflux MFS transporter MdtM,plus,AMR,AMR,EFFLUX,EFFLUX,BLASTX,410,410.0,100.0,98.05,410,AAC77293.1,multidrug efflux MFS transporter MdtM,,,GCF_000245515.1,O55:H7 RM12579,intrinsic
,NC_017658.1,141,953,+,sul2,sulfonamide-resistant dihydropteroate synthase Sul2,core,AMR,AMR,SULFONAMIDE,SULFONAMIDE,EXACTX,271,271.0,100.0,100.0,271,WP_001043260.1,sulfonamide-resistant dihydropteroate synthase Sul2,,,GCF_000245515.1,O55:H7 RM12579,acquired
,NC_017658.1,1017,1817,+,aph(3'')-Ib,aminoglycoside O-phosphotransferase APH(3'')-Ib,core,AMR,AMR,AMINOGLYCOSIDE,STREPTOMYCIN,EXACTX,267,267.0,100.0,100.0,267,WP_001082319.1,aminoglycoside O-phosphotransferase APH(3'')-Ib,,,GCF_000245515.1,O55:H7 RM12579,acquired
,NC_017658.1,1820,2653,+,aph(6)-Id,aminoglycoside O-phosphotransferase APH(6)-Id,core,AMR,AMR,AMINOGLYCOSIDE,STREPTOMYCIN,EXACTX,278,278.0,100.0,100.0,278,WP_000480968.1,aminoglycoside O-phosphotransferase APH(6)-Id,,,GCF_000245515.1,O55:H7 RM12579,acquired
,NZ_HG941718.1,514964,515600,+,acrR_F180LfsTer3,Escherichia ampicillin/chloramphenicol/fluoroquinolone/rifampin/tetracycline resistant AcrR,core,AMR,POINT_DISRUPT,MULTIDRUG,AMPICILLIN/CHLORAMPHENICOL/FLUOROQUINOLONE/RIFAMPIN/TETRACYCLINE,POINTX,212,215.0,100.0,100.0,211,WP_000101737.1,transcriptional regulator AcrR,,,GCF_000285655.3,EC958,mutation
,NZ_HG941718.1,2533925,2536549,-,gyrA_D87N,Escherichia quinolone resistant GyrA,core,AMR,POINT,QUINOLONE,QUINOLONE,POINTX,875,878.0,99.66,98.86,875,WP_001281243.1,DNA gyrase subunit A GyrA,,,GCF_000285655.3,EC958,mutation
,NZ_HG941718.1,2533925,2536549,-,gyrA_S83L,Escherichia quinolone resistant GyrA,core,AMR,POINT,QUINOLONE,QUINOLONE,POINTX,875,878.0,99.66,98.86,875,WP_001281243.1,DNA gyrase subunit A GyrA,,,GCF_000285655.3,EC958,mutation
,NZ_HG941718.1,2723901,2725625,+,ptsI_V25I,Escherichia fosfomycin resistant PtsI,core,AMR,POINT,FOSFOMYCIN,FOSFOMYCIN,POINTX,575,575.0,100.0,99.65,575,WP_000623140.1,phosphoenolpyruvate--protein phosphotransferase PtsI,,,GCF_000285655.3,EC958,mutation
,NZ_HG941718.1,3456114,3458369,-,parC_E84V,Escherichia quinolone resistant ParC,core,AMR,POINT,QUINOLONE,QUINOLONE,POINTX,752,752.0,100.0,99.2,752,WP_001281881.1,DNA topoisomerase IV subunit A ParC,,,GCF_000285655.3,EC958,mutation
,NZ_HG941718.1,3456114,3458369,-,parC_S80I,Escherichia quinolone resistant ParC,core,AMR,POINT,QUINOLONE,QUINOLONE,POINTX,752,752.0,100.0,99.2,752,WP_001281881.1,DNA topoisomerase IV subunit A ParC,,,GCF_000285655.3,EC958,mutation
,NZ_HG941718.1,3473365,3475254,-,parE_I529L,Escherichia quinolone resistant ParE,core,AMR,POINT,QUINOLONE,QUINOLONE,POINTX,630,630.0,100.0,99.52,630,WP_033554192.1,DNA topoisomerase IV subunit B ParE,,,GCF_000285655.3,EC958,mutation
,NZ_HG941718.1,3710090,3713191,+,acrF,multidrug efflux RND transporter permease subunit AcrF,plus,AMR,AMR,EFFLUX,EFFLUX,BLASTX,1034,1034.0,100.0,99.52,1034,AAC76298.1,multidrug efflux RND transporter permease subunit AcrF,,,GCF_000285655.3,EC958,intrinsic
,NZ_HG941718.1,4207474,4208862,-,uhpT_E350Q,Escherichia fosfomycin resistant UhpT,core,AMR,POINT,FOSFOMYCIN,FOSFOMYCIN,POINTX,463,463.0,100.0,99.78,463,WP_000879194.1,hexose phosphate transporter UhpT,,,GCF_000285655.3,EC958,mutation
,NZ_HG941718.1,4216412,4217599,+,emrD,multidrug efflux MFS transporter EmrD,plus,AMR,AMR,EFFLUX,EFFLUX,BLASTX,396,396.0,100.0,98.99,396,EFF04178.1,multidrug efflux MFS transporter EmrD,,,GCF_000285655.3,EC958,intrinsic
,NZ_HG941718.1,4792832,4793962,-,blaEC,BlaEC family class C beta-lactamase,plus,AMR,AMR,BETA-LACTAM,BETA-LACTAM,BLASTX,377,377.0,100.0,98.94,377,AAZ85965.1,cephalosporin-hydrolyzing class C beta-lactamase EC-5,,,GCF_000285655.3,EC958,intrinsic
,NZ_HG941718.1,4940404,4941546,+,blaCMY-23,class C beta-lactamase CMY-23,core,AMR,AMR,BETA-LACTAM,CEPHALOSPORIN,ALLELEX,381,381.0,100.0,100.0,381,WP_000976515.1,class C beta-lactamase CMY-23,,,GCF_000285655.3,EC958,acquired
,NZ_HG941718.1,5042720,5043949,-,mdtM,multidrug efflux MFS transporter MdtM,plus,AMR,AMR,EFFLUX,EFFLUX,BLASTX,410,410.0,100.0,97.07,410,AAC77293.1,multidrug efflux MFS transporter MdtM,,,GCF_000285655.3,EC958,intrinsic
,NZ_HG941719.1,39866,40723,+,blaTEM-1,broad-spectrum class A beta-lactamase TEM-1,core,AMR,AMR,BETA-LACTAM,BETA-LACTAM,ALLELEX,286,286.0,100.0,100.0,286,WP_000027057.1,broad-spectrum class A beta-lactamase TEM-1,,,GCF_000285655.3,EC958,acquired
,NZ_HG941719.1,88981,89451,+,dfrA17,trimethoprim-resistant dihydrofolate reductase DfrA17,core,AMR,AMR,TRIMETHOPRIM,TRIMETHOPRIM,EXACTX,157,157.0,100.0,100.0,157,WP_001389366.1,trimethoprim-resistant dihydrofolate reductase DfrA17,,,GCF_000285655.3,EC958,acquired
,NZ_HG941719.1,89585,90370,+,aadA5,ANT(3'')-Ia family aminoglycoside nucleotidyltransferase AadA5,core,AMR,AMR,AMINOGLYCOSIDE,STREPTOMYCIN,EXACTX,262,262.0,100.0,100.0,262,WP_000503573.1,ANT(3'')-Ia family aminoglycoside nucleotidyltransferase AadA5,,,GCF_000285655.3,EC958,acquired
,NZ_HG941719.1,90920,91756,+,sul1,sulfonamide-resistant dihydropteroate synthase Sul1,core,AMR,AMR,SULFONAMIDE,SULFONAMIDE,EXACTX,279,279.0,100.0,100.0,279,WP_000259031.1,sulfonamide-resistant dihydropteroate synthase Sul1,,,GCF_000285655.3,EC958,acquired
,NZ_HG941719.1,95838,97073,-,mrx(A),phosphorylated macrolide efflux MFS transporter Mrx(A),core,AMR,AMR,MACROLIDE,AZITHROMYCIN/ERYTHROMYCIN/SPIRAMYCIN/TELITHROMYCIN,EXACTX,412,412.0,100.0,100.0,412,WP_000004159.1,phosphorylated macrolide efflux MFS transporter Mrx(A),,,GCF_000285655.3,EC958,acquired
,NZ_HG941719.1,97073,97975,-,mph(A),Mph(A) family macrolide 2'-phosphotransferase,core,AMR,AMR,MACROLIDE,AZITHROMYCIN/ERYTHROMYCIN/SPIRAMYCIN/TELITHROMYCIN,EXACTX,301,301.0,100.0,100.0,301,WP_000219391.1,Mph(A) family macrolide 2'-phosphotransferase,,,GCF_000285655.3,EC958,acquired
,NZ_HG941719.1,98937,99809,+,blaCTX-M-15,extended-spectrum class A beta-lactamase CTX-M-15,core,AMR,AMR,BETA-LACTAM,CEPHALOSPORIN,ALLELEX,291,291.0,100.0,100.0,291,WP_000239590.1,extended-spectrum class A beta-lactamase CTX-M-15,,,GCF_000285655.3,EC958,acquired
,NZ_HG941719.1,103271,103711,-,catB3,type B-3 chloramphenicol O-acetyltransferase CatB3,core,AMR,AMR,PHENICOL,CHLORAMPHENICOL,PARTIALX,147,210.0,70.0,100.0,147,WP_000186237.1,type B-3 chloramphenicol O-acetyltransferase CatB3,,,GCF_000285655.3,EC958,acquired
,NZ_HG941719.1,103852,104679,-,blaOXA-1,oxacillin-hydrolyzing class D beta-lactamase OXA-1,core,AMR,AMR,BETA-LACTAM,CEPHALOSPORIN,ALLELEX,276,276.0,100.0,100.0,276,WP_001334766.1,oxacillin-hydrolyzing class D beta-lactamase OXA-1,,,GCF_000285655.3,EC958,acquired
,NZ_HG941719.1,104813,105364,-,aac(6')-Ib-cr5,fluoroquinolone-acetylating aminoglycoside 6'-N-acetyltransferase AAC(6')-Ib-cr5,core,AMR,AMR,AMINOGLYCOSIDE/QUINOLONE,AMIKACIN/KANAMYCIN/QUINOLONE/TOBRAMYCIN,ALLELEX,184,184.0,100.0,100.0,184,WP_063840321.1,fluoroquinolone-acetylating aminoglycoside 6'-N-acetyltransferase AAC(6')-Ib-cr5,,,GCF_000285655.3,EC958,acquired
,NZ_HG941719.1,108864,110060,+,tet(A),tetracycline efflux MFS transporter Tet(A),core,AMR,AMR,TETRACYCLINE,TETRACYCLINE,EXACTX,399,399.0,100.0,100.0,399,WP_000804064.1,tetracycline efflux MFS transporter Tet(A),,,GCF_000285655.3,EC958,acquired
,NC_018650.1,67566,68762,-,tet(A),tetracycline efflux MFS transporter Tet(A),core,AMR,AMR,TETRACYCLINE,TETRACYCLINE,EXACTX,399,399.0,100.0,100.0,399,WP_000804064.1,tetracycline efflux MFS transporter Tet(A),,,GCF_000299255.1,O104:H4 2009EL-2050,acquired
,NC_018650.1,77613,78446,-,aph(6)-Id,aminoglycoside O-phosphotransferase APH(6)-Id,core,AMR,AMR,AMINOGLYCOSIDE,STREPTOMYCIN,EXACTX,278,278.0,100.0,100.0,278,WP_000480968.1,aminoglycoside O-phosphotransferase APH(6)-Id,,,GCF_000299255.1,O104:H4 2009EL-2050,acquired
,NC_018650.1,78449,79249,-,aph(3'')-Ib,aminoglycoside O-phosphotransferase APH(3'')-Ib,core,AMR,AMR,AMINOGLYCOSIDE,STREPTOMYCIN,EXACTX,267,267.0,100.0,100.0,267,WP_001082319.1,aminoglycoside O-phosphotransferase APH(3'')-Ib,,,GCF_000299255.1,O104:H4 2009EL-2050,acquired
,NC_018650.1,79313,80125,-,sul2,sulfonamide-resistant dihydropteroate synthase Sul2,core,AMR,AMR,SULFONAMIDE,SULFONAMIDE,EXACTX,271,271.0,100.0,100.0,271,WP_001043265.1,sulfonamide-resistant dihydropteroate synthase Sul2,,,GCF_000299255.1,O104:H4 2009EL-2050,acquired
,NC_018650.1,83345,84202,-,blaTEM-1,broad-spectrum class A beta-lactamase TEM-1,core,AMR,AMR,BETA-LACTAM,BETA-LACTAM,ALLELEX,286,286.0,100.0,100.0,286,WP_000027057.1,broad-spectrum class A beta-lactamase TEM-1,,,GCF_000299255.1,O104:H4 2009EL-2050,acquired
,NC_018650.1,87327,87797,+,dfrA7,trimethoprim-resistant dihydrofolate reductase DfrA7,core,AMR,AMR,TRIMETHOPRIM,TRIMETHOPRIM,EXACTX,157,157.0,100.0,100.0,157,WP_000703418.1,trimethoprim-resistant dihydrofolate reductase DfrA7,,,GCF_000299255.1,O104:H4 2009EL-2050,acquired
,NC_018650.1,88371,89141,+,sul1,sulfonamide-resistant dihydropteroate synthase Sul1,core,AMR,AMR,SULFONAMIDE,SULFONAMIDE,BLASTX,257,275.0,93.45,98.83,257,WP_063855066.1,sulfonamide-resistant dihydropteroate synthase Sul1,,,GCF_000299255.1,O104:H4 2009EL-2050,acquired
,NC_018650.1,540049,543150,-,acrF,multidrug efflux RND transporter permease subunit AcrF,plus,AMR,AMR,EFFLUX,EFFLUX,BLASTX,1034,1034.0,100.0,99.52,1034,AAC76298.1,multidrug efflux RND transporter permease subunit AcrF,,,GCF_000299255.1,O104:H4 2009EL-2050,intrinsic
,NC_018650.1,1712785,1715409,+,gyrA_S83A,Escherichia quinolone resistant GyrA,core,AMR,POINT,QUINOLONE,QUINOLONE,POINTX,875,878.0,99.66,99.09,875,WP_001281243.1,DNA gyrase subunit A GyrA,,,GCF_000299255.1,O104:H4 2009EL-2050,mutation
,NC_018650.1,4494681,4495910,+,mdtM,multidrug efflux MFS transporter MdtM,plus,AMR,AMR,EFFLUX,EFFLUX,BLASTX,410,410.0,100.0,97.8,410,AAC77293.1,multidrug efflux MFS transporter MdtM,,,GCF_000299255.1,O104:H4 2009EL-2050,intrinsic
,NC_018650.1,4698241,4699371,+,blaEC,BlaEC family class C beta-lactamase,plus,AMR,AMR,BETA-LACTAM,BETA-LACTAM,BLASTX,377,377.0,100.0,97.61,377,WP_063610930.1,extended-spectrum class C beta-lactamase EC-15,,,GCF_000299255.1,O104:H4 2009EL-2050,intrinsic
,NZ_CP041996.1,28493,29680,-,emrD,multidrug efflux MFS transporter EmrD,plus,AMR,AMR,EFFLUX,EFFLUX,BLASTX,396,396.0,100.0,99.75,396,EFF04178.1,multidrug efflux MFS transporter EmrD,,,GCF_008152105.1,AR Bank #0349,intrinsic
,NZ_CP041996.1,39779,41167,+,uhpT_E350Q,Escherichia fosfomycin resistant UhpT,core,AMR,POINT,FOSFOMYCIN,FOSFOMYCIN,POINTX,463,463.0,100.0,99.78,463,WP_000879194.1,hexose phosphate transporter UhpT,,,GCF_008152105.1,AR Bank #0349,mutation
,NZ_CP041996.1,558372,561473,-,acrF,multidrug efflux RND transporter permease subunit AcrF,plus,AMR,AMR,EFFLUX,EFFLUX,BLASTX,1034,1034.0,100.0,99.52,1034,AAC76298.1,multidrug efflux RND transporter permease subunit AcrF,,,GCF_008152105.1,AR Bank #0349,intrinsic
,NZ_CP041996.1,801951,803840,+,parE_S458A,Escherichia quinolone resistant ParE,core,AMR,POINT,QUINOLONE,QUINOLONE,POINTX,630,630.0,100.0,99.68,630,WP_033554192.1,DNA topoisomerase IV subunit B ParE,,,GCF_008152105.1,AR Bank #0349,mutation
,NZ_CP041996.1,811374,813629,+,parC_S80I,Escherichia quinolone resistant ParC,core,AMR,POINT,QUINOLONE,QUINOLONE,POINTX,752,752.0,100.0,99.87,752,WP_001281881.1,DNA topoisomerase IV subunit A ParC,,,GCF_008152105.1,AR Bank #0349,mutation
,NZ_CP041996.1,1722980,1725604,+,gyrA_D87Y,Escherichia quinolone resistant GyrA,core,AMR,POINT,QUINOLONE,QUINOLONE,POINTX,875,878.0,99.66,98.86,875,WP_001281243.1,DNA gyrase subunit A GyrA,,,GCF_008152105.1,AR Bank #0349,mutation
,NZ_CP041996.1,1722980,1725604,+,gyrA_S83L,Escherichia quinolone resistant GyrA,core,AMR,POINT,QUINOLONE,QUINOLONE,POINTX,875,878.0,99.66,98.86,875,WP_001281243.1,DNA gyrase subunit A GyrA,,,GCF_008152105.1,AR Bank #0349,mutation
,NZ_CP041996.1,4169127,4170356,+,mdtM,multidrug efflux MFS transporter MdtM,plus,AMR,AMR,EFFLUX,EFFLUX,BLASTX,410,410.0,100.0,97.56,410,AAC77293.1,multidrug efflux MFS transporter MdtM,,,GCF_008152105.1,AR Bank #0349,intrinsic
,NZ_CP041996.1,4359940,4361070,+,blaEC,BlaEC family class C beta-lactamase,plus,AMR,AMR,BETA-LACTAM,BETA-LACTAM,INTERNAL_STOP,377,377.0,100.0,98.14,377,AAZ85968.1,cephalosporin-hydrolyzing class C beta-lactamase EC-8,,,GCF_008152105.1,AR Bank #0349,intrinsic
,NZ_CP041996.1,4882497,4885040,-,cyaA_S352T,Escherichia fosmidomycin resistant CyaA,core,AMR,POINT,FOSMIDOMYCIN,FOSMIDOMYCIN,POINTX,848,848.0,100.0,99.17,848,WP_000281668.1,adenylate cyclase CyaA,,,GCF_008152105.1,AR Bank #0349,mutation
,NZ_CP041997.1,8689,9561,+,blaCTX-M-55,extended-spectrum class A beta-lactamase CTX-M-55,core,AMR,AMR,BETA-LACTAM,CEPHALOSPORIN,ALLELEX,291,291.0,100.0,100.0,291,WP_015387340.1,extended-spectrum class A beta-lactamase CTX-M-55,,,GCF_008152105.1,AR Bank #0349,acquired
,NZ_CP041997.1,15534,16154,+,tet(A),tetracycline efflux MFS transporter Tet(A),core,AMR,AMR,TETRACYCLINE,TETRACYCLINE,PARTIALX,207,399.0,51.88,100.0,207,WP_000804063.1,tetracycline efflux MFS transporter Tet(A),,,GCF_008152105.1,AR Bank #0349,acquired
,NZ_CP041997.1,21479,22213,+,tet(A),tetracycline efflux MFS transporter Tet(A),core,AMR,AMR,TETRACYCLINE,TETRACYCLINE,PARTIALX,245,399.0,61.4,98.78,245,WP_000804064.1,tetracycline efflux MFS transporter Tet(A),,,GCF_008152105.1,AR Bank #0349,acquired
,NZ_CP041997.1,26964,27698,+,tet(A),tetracycline efflux MFS transporter Tet(A),core,AMR,AMR,TETRACYCLINE,TETRACYCLINE,PARTIALX,245,399.0,61.4,98.78,245,WP_000804064.1,tetracycline efflux MFS transporter Tet(A),,,GCF_008152105.1,AR Bank #0349,acquired
,NZ_CP041997.1,33452,33922,+,dfrA14,trimethoprim-resistant dihydrofolate reductase DfrA14,core,AMR,AMR,TRIMETHOPRIM,TRIMETHOPRIM,EXACTX,157,157.0,100.0,100.0,157,WP_004201280.1,trimethoprim-resistant dihydrofolate reductase DfrA14,,,GCF_008152105.1,AR Bank #0349,acquired
,NZ_CP041997.1,39926,40576,+,sul2,sulfonamide-resistant dihydropteroate synthase Sul2,core,AMR,AMR,SULFONAMIDE,SULFONAMIDE,PARTIALX,217,271.0,80.07,98.16,217,WP_001043260.1,sulfonamide-resistant dihydropteroate synthase Sul2,,,GCF_008152105.1,AR Bank #0349,acquired
,NZ_CP041997.1,40681,41481,+,aph(3'')-Ib,aminoglycoside O-phosphotransferase APH(3'')-Ib,core,AMR,AMR,AMINOGLYCOSIDE,STREPTOMYCIN,BLASTX,267,267.0,100.0,99.63,267,WP_001082319.1,aminoglycoside O-phosphotransferase APH(3'')-Ib,,,GCF_008152105.1,AR Bank #0349,acquired
,NZ_CP041997.1,41484,42317,+,aph(6)-Id,aminoglycoside O-phosphotransferase APH(6)-Id,core,AMR,AMR,AMINOGLYCOSIDE,STREPTOMYCIN,EXACTX,278,278.0,100.0,100.0,278,WP_000480972.1,aminoglycoside O-phosphotransferase APH(6)-Id,,,GCF_008152105.1,AR Bank #0349,acquired
,NZ_CP041997.1,42554,43411,-,blaTEM-1,broad-spectrum class A beta-lactamase TEM-1,core,AMR,AMR,BETA-LACTAM,BETA-LACTAM,ALLELEX,286,286.0,100.0,100.0,286,WP_000027057.1,broad-spectrum class A beta-lactamase TEM-1,,,GCF_008152105.1,AR Bank #0349,acquired
,NZ_CP041997.1,100718,102340,+,mcr-1.1,phosphoethanolamine--lipid A transferase MCR-1.1,core,AMR,AMR,COLISTIN,COLISTIN,ALLELEX,541,541.0,100.0,100.0,541,WP_049589868.1,phosphoethanolamine--lipid A transferase MCR-1.1,,,GCF_008152105.1,AR Bank #0349,acquired
,NZ_CP041997.1,145215,146117,+,mph(A),Mph(A) family macrolide 2'-phosphotransferase,core,AMR,AMR,MACROLIDE,AZITHROMYCIN/ERYTHROMYCIN/SPIRAMYCIN/TELITHROMYCIN,EXACTX,301,301.0,100.0,100.0,301,WP_000219391.1,Mph(A) family macrolide 2'-phosphotransferase,,,GCF_008152105.1,AR Bank #0349,acquired
,NZ_CP041997.1,146117,147352,+,mrx(A),phosphorylated macrolide efflux MFS transporter Mrx(A),core,AMR,AMR,MACROLIDE,AZITHROMYCIN/ERYTHROMYCIN/SPIRAMYCIN/TELITHROMYCIN,EXACTX,412,412.0,100.0,100.0,412,WP_000004159.1,phosphorylated macrolide efflux MFS transporter Mrx(A),,,GCF_008152105.1,AR Bank #0349,acquired
,NZ_CP041997.1,166407,166820,-,fosA3,fosfomycin resistance glutathione transferase FosA3,core,AMR,AMR,FOSFOMYCIN,FOSFOMYCIN,ALLELEX,138,138.0,100.0,100.0,138,WP_014839980.1,fosfomycin resistance glutathione transferase FosA3,,,GCF_008152105.1,AR Bank #0349,acquired
,NZ_CP041997.1,167435,168307,-,blaCTX-M-14,extended-spectrum class A beta-lactamase CTX-M-14,core,AMR,AMR,BETA-LACTAM,CEPHALOSPORIN,ALLELEX,291,291.0,100.0,100.0,291,WP_001617865.1,extended-spectrum class A beta-lactamase CTX-M-14,,,GCF_008152105.1,AR Bank #0349,acquired
,NZ_CP041997.1,169428,170201,+,aac(3)-IVa,aminoglycoside N-acetyltransferase AAC(3)-IVa,core,AMR,AMR,AMINOGLYCOSIDE,APRAMYCIN/GENTAMICIN/TOBRAMYCIN,EXACTX,258,258.0,100.0,100.0,258,WP_001199192.1,aminoglycoside N-acetyltransferase AAC(3)-IVa,,,GCF_008152105.1,AR Bank #0349,acquired
,NZ_CP041997.1,170433,171455,+,aph(4)-Ia,aminoglycoside O-phosphotransferase APH(4)-Ia,core,AMR,AMR,AMINOGLYCOSIDE,HYGROMYCIN,EXACTX,341,341.0,100.0,100.0,341,WP_000742814.1,aminoglycoside O-phosphotransferase APH(4)-Ia,,,GCF_008152105.1,AR Bank #0349,acquired
,NZ_CP041997.1,176305,177117,+,sul2,sulfonamide-resistant dihydropteroate synthase Sul2,core,AMR,AMR,SULFONAMIDE,SULFONAMIDE,BLASTX,271,271.0,100.0,99.63,271,WP_001043260.1,sulfonamide-resistant dihydropteroate synthase Sul2,,,GCF_008152105.1,AR Bank #0349,acquired
,NZ_CP041997.1,179626,180837,-,floR,chloramphenicol/florfenicol efflux MFS transporter FloR,core,AMR,AMR,PHENICOL,CHLORAMPHENICOL/FLORFENICOL,EXACTX,404,404.0,100.0,100.0,404,WP_000214122.1,chloramphenicol/florfenicol efflux MFS transporter FloR,,,GCF_008152105.1,AR Bank #0349,acquired
,NZ_CP032085.1,2671579,2674680,+,acrF,multidrug efflux RND transporter permease subunit AcrF,plus,AMR,AMR,EFFLUX,EFFLUX,BLASTX,1034,1034.0,100.0,99.52,1034,AAC76298.1,multidrug efflux RND transporter permease subunit AcrF,,,GCF_017357505.1,ATCC 25922,intrinsic
,NZ_CP032085.1,3135470,3136657,+,emrD,multidrug efflux MFS transporter EmrD,plus,AMR,AMR,EFFLUX,EFFLUX,BLASTX,396,396.0,100.0,99.49,396,EFF04178.1,multidrug efflux MFS transporter EmrD,,,GCF_017357505.1,ATCC 25922,intrinsic
,NZ_CP032085.1,3709966,3711096,-,blaEC-5,cephalosporin-hydrolyzing class C beta-lactamase EC-5,plus,AMR,AMR,BETA-LACTAM,CEPHALOSPORIN,ALLELEX,377,377.0,100.0,100.0,377,AAZ85965.1,cephalosporin-hydrolyzing class C beta-lactamase EC-5,,,GCF_017357505.1,ATCC 25922,intrinsic
,NZ_CP032085.1,3942567,3943796,-,mdtM,multidrug efflux MFS transporter MdtM,plus,AMR,AMR,EFFLUX,EFFLUX,BLASTX,410,410.0,100.0,97.07,410,AAC77293.1,multidrug efflux MFS transporter MdtM,,,GCF_017357505.1,ATCC 25922,intrinsic
,NZ_CP076344.1,388571,389701,-,blaEC-5,cephalosporin-hydrolyzing class C beta-lactamase EC-5,plus,AMR,AMR,BETA-LACTAM,CEPHALOSPORIN,ALLELEX,377,377.0,100.0,100.0,377,AAZ85965.1,cephalosporin-hydrolyzing class C beta-lactamase EC-5,,,GCF_018798845.1,AVS0096,intrinsic
,NZ_CP076344.1,2312790,2313221,+,marR_S3N,Escherichia ampicillin/chloramphenicol/quinolone/rifampin/tetracycline resistant MarR,core,AMR,POINT,MULTIDRUG,AMPICILLIN/CHLORAMPHENICOL/QUINOLONE/RIFAMPIN/TETRACYCLINE,POINTX,144,144.0,100.0,97.92,144,WP_000843414.1,transcriptional regulator MarR,,,GCF_018798845.1,AVS0096,mutation
,NZ_CP076344.1,3066533,3069157,-,gyrA_D87N,Escherichia quinolone resistant GyrA,core,AMR,POINT,QUINOLONE,QUINOLONE,POINTX,875,878.0,99.66,98.74,875,WP_001281243.1,DNA gyrase subunit A GyrA,,,GCF_018798845.1,AVS0096,mutation
,NZ_CP076344.1,3066533,3069157,-,gyrA_S83L,Escherichia quinolone resistant GyrA,core,AMR,POINT,QUINOLONE,QUINOLONE,POINTX,875,878.0,99.66,98.74,875,WP_001281243.1,DNA gyrase subunit A GyrA,,,GCF_018798845.1,AVS0096,mutation
,NZ_CP076344.1,3951606,3953861,-,parC_S80I,Escherichia quinolone resistant ParC,core,AMR,POINT,QUINOLONE,QUINOLONE,POINTX,752,752.0,100.0,99.87,752,WP_001281881.1,DNA topoisomerase IV subunit A ParC,,,GCF_018798845.1,AVS0096,mutation
,NZ_CP076344.1,3961395,3963284,-,parE_L416F,Escherichia quinolone resistant ParE,core,AMR,POINT,QUINOLONE,QUINOLONE,POINTX,630,630.0,100.0,99.52,630,WP_033554192.1,DNA topoisomerase IV subunit B ParE,,,GCF_018798845.1,AVS0096,mutation
,NZ_CP076344.1,4202803,4205904,+,acrF,multidrug efflux RND transporter permease subunit AcrF,plus,AMR,AMR,EFFLUX,EFFLUX,BLASTX,1034,1034.0,100.0,99.42,1034,AAC76298.1,multidrug efflux RND transporter permease subunit AcrF,,,GCF_018798845.1,AVS0096,intrinsic
,NZ_CP076344.1,4660498,4661886,-,uhpT_E350Q,Escherichia fosfomycin resistant UhpT,core,AMR,POINT,FOSFOMYCIN,FOSFOMYCIN,POINTX,463,463.0,100.0,99.78,463,WP_000879194.1,hexose phosphate transporter UhpT,,,GCF_018798845.1,AVS0096,mutation
,NZ_CP076344.1,4668099,4669286,+,emrD,multidrug efflux MFS transporter EmrD,plus,AMR,AMR,EFFLUX,EFFLUX,BLASTX,396,396.0,100.0,99.24,396,EFF04178.1,multidrug efflux MFS transporter EmrD,,,GCF_018798845.1,AVS0096,intrinsic
,NZ_CP076345.1,43004,43474,+,dfrA17,trimethoprim-resistant dihydrofolate reductase DfrA17,core,AMR,AMR,TRIMETHOPRIM,TRIMETHOPRIM,EXACTX,157,157.0,100.0,100.0,157,WP_001389366.1,trimethoprim-resistant dihydrofolate reductase DfrA17,,,GCF_018798845.1,AVS0096,acquired
,NZ_CP076345.1,43608,44393,+,aadA5,ANT(3'')-Ia family aminoglycoside nucleotidyltransferase AadA5,core,AMR,AMR,AMINOGLYCOSIDE,STREPTOMYCIN,EXACTX,262,262.0,100.0,100.0,262,WP_000503573.1,ANT(3'')-Ia family aminoglycoside nucleotidyltransferase AadA5,,,GCF_018798845.1,AVS0096,acquired
,NZ_CP076345.1,44943,45779,+,sul1,sulfonamide-resistant dihydropteroate synthase Sul1,core,AMR,AMR,SULFONAMIDE,SULFONAMIDE,EXACTX,279,279.0,100.0,100.0,279,WP_000259031.1,sulfonamide-resistant dihydropteroate synthase Sul1,,,GCF_018798845.1,AVS0096,acquired
,NZ_CP076345.1,49861,51096,-,mrx(A),phosphorylated macrolide efflux MFS transporter Mrx(A),core,AMR,AMR,MACROLIDE,AZITHROMYCIN/ERYTHROMYCIN/SPIRAMYCIN/TELITHROMYCIN,EXACTX,412,412.0,100.0,100.0,412,WP_000004159.1,phosphorylated macrolide efflux MFS transporter Mrx(A),,,GCF_018798845.1,AVS0096,acquired
,NZ_CP076345.1,51096,51998,-,mph(A),Mph(A) family macrolide 2'-phosphotransferase,core,AMR,AMR,MACROLIDE,AZITHROMYCIN/ERYTHROMYCIN/SPIRAMYCIN/TELITHROMYCIN,EXACTX,301,301.0,100.0,100.0,301,WP_000219391.1,Mph(A) family macrolide 2'-phosphotransferase,,,GCF_018798845.1,AVS0096,acquired
,NZ_CP076345.1,53369,54181,+,sul2,sulfonamide-resistant dihydropteroate synthase Sul2,core,AMR,AMR,SULFONAMIDE,SULFONAMIDE,EXACTX,271,271.0,100.0,100.0,271,WP_001043260.1,sulfonamide-resistant dihydropteroate synthase Sul2,,,GCF_018798845.1,AVS0096,acquired
,NZ_CP076345.1,54245,55045,+,aph(3'')-Ib,aminoglycoside O-phosphotransferase APH(3'')-Ib,core,AMR,AMR,AMINOGLYCOSIDE,STREPTOMYCIN,EXACTX,267,267.0,100.0,100.0,267,WP_001082319.1,aminoglycoside O-phosphotransferase APH(3'')-Ib,,,GCF_018798845.1,AVS0096,acquired
,NZ_CP076345.1,55048,55881,+,aph(6)-Id,aminoglycoside O-phosphotransferase APH(6)-Id,core,AMR,AMR,AMINOGLYCOSIDE,STREPTOMYCIN,EXACTX,278,278.0,100.0,100.0,278,WP_000480972.1,aminoglycoside O-phosphotransferase APH(6)-Id,,,GCF_018798845.1,AVS0096,acquired
,NZ_CP076345.1,56938,58134,+,tet(A),tetracycline efflux MFS transporter Tet(A),core,AMR,AMR,TETRACYCLINE,TETRACYCLINE,EXACTX,399,399.0,100.0,100.0,399,WP_000804064.1,tetracycline efflux MFS transporter Tet(A),,,GCF_018798845.1,AVS0096,acquired
,NZ_CP076345.1,62196,63068,+,blaCTX-M-27,extended-spectrum class A beta-lactamase CTX-M-27,core,AMR,AMR,BETA-LACTAM,CEPHALOSPORIN,ALLELEX,291,291.0,100.0,100.0,291,WP_032277257.1,extended-spectrum class A beta-lactamase CTX-M-27,,,GCF_018798845.1,AVS0096,acquired
,NZ_CP058897.1,1635696,1636127,+,marR_S3N,Escherichia ampicillin/chloramphenicol/quinolone/rifampin/tetracycline resistant MarR,core,AMR,POINT,MULTIDRUG,AMPICILLIN/CHLORAMPHENICOL/QUINOLONE/RIFAMPIN/TETRACYCLINE,POINTX,144,144.0,100.0,97.92,144,WP_000843414.1,transcriptional regulator MarR,,,GCF_030988725.1,MS10858,mutation
,NZ_CP058897.1,2385166,2387790,-,gyrA_D87N,Escherichia quinolone resistant GyrA,core,AMR,POINT,QUINOLONE,QUINOLONE,POINTX,875,878.0,99.66,98.74,875,WP_001281243.1,DNA gyrase subunit A GyrA,,,GCF_030988725.1,MS10858,mutation
,NZ_CP058897.1,2385166,2387790,-,gyrA_S83L,Escherichia quinolone resistant GyrA,core,AMR,POINT,QUINOLONE,QUINOLONE,POINTX,875,878.0,99.66,98.74,875,WP_001281243.1,DNA gyrase subunit A GyrA,,,GCF_030988725.1,MS10858,mutation
,NZ_CP058897.1,3311639,3313894,-,parC_S80I,Escherichia quinolone resistant ParC,core,AMR,POINT,QUINOLONE,QUINOLONE,POINTX,752,752.0,100.0,99.87,752,WP_001281881.1,DNA topoisomerase IV subunit A ParC,,,GCF_030988725.1,MS10858,mutation
,NZ_CP058897.1,3321428,3323317,-,parE_L416F,Escherichia quinolone resistant ParE,core,AMR,POINT,QUINOLONE,QUINOLONE,POINTX,630,630.0,100.0,99.52,630,WP_033554192.1,DNA topoisomerase IV subunit B ParE,,,GCF_030988725.1,MS10858,mutation
,NZ_CP058897.1,3562835,3565936,+,acrF,multidrug efflux RND transporter permease subunit AcrF,plus,AMR,AMR,EFFLUX,EFFLUX,BLASTX,1034,1034.0,100.0,99.42,1034,AAC76298.1,multidrug efflux RND transporter permease subunit AcrF,,,GCF_030988725.1,MS10858,intrinsic
,NZ_CP058897.1,4009317,4010705,-,uhpT_E350Q,Escherichia fosfomycin resistant UhpT,core,AMR,POINT,FOSFOMYCIN,FOSFOMYCIN,POINTX,463,463.0,100.0,99.78,463,WP_000879194.1,hexose phosphate transporter UhpT,,,GCF_030988725.1,MS10858,mutation
,NZ_CP058897.1,4016918,4018105,+,emrD,multidrug efflux MFS transporter EmrD,plus,AMR,AMR,EFFLUX,EFFLUX,BLASTX,396,396.0,100.0,99.24,396,EFF04178.1,multidrug efflux MFS transporter EmrD,,,GCF_030988725.1,MS10858,intrinsic
,NZ_CP058897.1,4648716,4649846,-,blaEC-5,cephalosporin-hydrolyzing class C beta-lactamase EC-5,plus,AMR,AMR,BETA-LACTAM,CEPHALOSPORIN,ALLELEX,377,377.0,100.0,100.0,377,AAZ85965.1,cephalosporin-hydrolyzing class C beta-lactamase EC-5,,,GCF_030988725.1,MS10858,intrinsic
,NZ_CP058898.1,36826,37683,-,blaTEM-1,broad-spectrum class A beta-lactamase TEM-1,core,AMR,AMR,BETA-LACTAM,BETA-LACTAM,ALLELEX,286,286.0,100.0,100.0,286,WP_000027057.1,broad-spectrum class A beta-lactamase TEM-1,,,GCF_030988725.1,MS10858,acquired
,NZ_CP058898.1,52746,53582,+,aac(3)-IId,aminoglycoside N-acetyltransferase AAC(3)-IId,core,AMR,AMR,AMINOGLYCOSIDE,GENTAMICIN,BLASTX,279,286.0,97.55,99.64,279,WP_000557454.1,aminoglycoside N-acetyltransferase AAC(3)-IId,,,GCF_030988725.1,MS10858,acquired
,NZ_CP058898.1,55410,55880,+,dfrA17,trimethoprim-resistant dihydrofolate reductase DfrA17,core,AMR,AMR,TRIMETHOPRIM,TRIMETHOPRIM,EXACTX,157,157.0,100.0,100.0,157,WP_001389366.1,trimethoprim-resistant dihydrofolate reductase DfrA17,,,GCF_030988725.1,MS10858,acquired
,NZ_CP058898.1,56014,56799,+,aadA5,ANT(3'')-Ia family aminoglycoside nucleotidyltransferase AadA5,core,AMR,AMR,AMINOGLYCOSIDE,STREPTOMYCIN,EXACTX,262,262.0,100.0,100.0,262,WP_000503573.1,ANT(3'')-Ia family aminoglycoside nucleotidyltransferase AadA5,,,GCF_030988725.1,MS10858,acquired
,NZ_CP058898.1,57349,58185,+,sul1,sulfonamide-resistant dihydropteroate synthase Sul1,core,AMR,AMR,SULFONAMIDE,SULFONAMIDE,EXACTX,279,279.0,100.0,100.0,279,WP_000259031.1,sulfonamide-resistant dihydropteroate synthase Sul1,,,GCF_030988725.1,MS10858,acquired
,NZ_CP058898.1,62267,63502,-,mrx(A),phosphorylated macrolide efflux MFS transporter Mrx(A),core,AMR,AMR,MACROLIDE,AZITHROMYCIN/ERYTHROMYCIN/SPIRAMYCIN/TELITHROMYCIN,EXACTX,412,412.0,100.0,100.0,412,WP_000004159.1,phosphorylated macrolide efflux MFS transporter Mrx(A),,,GCF_030988725.1,MS10858,acquired
,NZ_CP058898.1,63502,64404,-,mph(A),Mph(A) family macrolide 2'-phosphotransferase,core,AMR,AMR,MACROLIDE,AZITHROMYCIN/ERYTHROMYCIN/SPIRAMYCIN/TELITHROMYCIN,EXACTX,301,301.0,100.0,100.0,301,WP_000219391.1,Mph(A) family macrolide 2'-phosphotransferase,,,GCF_030988725.1,MS10858,acquired
,NZ_CP058898.1,65775,66587,+,sul2,sulfonamide-resistant dihydropteroate synthase Sul2,core,AMR,AMR,SULFONAMIDE,SULFONAMIDE,EXACTX,271,271.0,100.0,100.0,271,WP_001043260.1,sulfonamide-resistant dihydropteroate synthase Sul2,,,GCF_030988725.1,MS10858,acquired
,NZ_CP058898.1,66651,67451,+,aph(3'')-Ib,aminoglycoside O-phosphotransferase APH(3'')-Ib,core,AMR,AMR,AMINOGLYCOSIDE,STREPTOMYCIN,EXACTX,267,267.0,100.0,100.0,267,WP_001082319.1,aminoglycoside O-phosphotransferase APH(3'')-Ib,,,GCF_030988725.1,MS10858,acquired
,NZ_CP058898.1,67454,68287,+,aph(6)-Id,aminoglycoside O-phosphotransferase APH(6)-Id,core,AMR,AMR,AMINOGLYCOSIDE,STREPTOMYCIN,EXACTX,278,278.0,100.0,100.0,278,WP_000480972.1,aminoglycoside O-phosphotransferase APH(6)-Id,,,GCF_030988725.1,MS10858,acquired
,NZ_CP058898.1,69344,70540,+,tet(A),tetracycline efflux MFS transporter Tet(A),core,AMR,AMR,TETRACYCLINE,TETRACYCLINE,EXACTX,399,399.0,100.0,100.0,399,WP_000804064.1,tetracycline efflux MFS transporter Tet(A),,,GCF_030988725.1,MS10858,acquired
