strain,card_gene,pident,qcov
K-12 MG1655,evgS,100.0,1.0
K-12 MG1655,acrB,100.0,1.0
K-12 MG1655,mdtB,100.0,1.0
K-12 MG1655,mdtF,100.0,1.0
K-12 MG1655,acrD,100.0,1.0
K-12 MG1655,mdtC,100.0,1.0
K-12 MG1655,mdtO,100.0,1.0
K-12 MG1655,msbA,100.0,1.0
K-12 MG1655,eptA,100.0,1.0
K-12 MG1655,YojI,100.0,1.0
K-12 MG1655,emrB,100.0,1.0
K-12 MG1655,emrY,99.9,1.0
K-12 MG1655,TolC,100.0,1.0
K-12 MG1655,mdtP,100.0,1.0
K-12 MG1655,cpxA,99.0,1.0
K-12 MG1655,mdtA,100.0,1.0
K-12 MG1655,mdtH,100.0,1.0
K-12 MG1655,mdtG,99.4,1.0
K-12 MG1655,Ecol_acrA,100.0,1.0
K-12 MG1655,emrA,100.0,1.0
K-12 MG1655,Ecol_mdfA,98.4,1.0
K-12 MG1655,ugd,100.0,1.0
K-12 MG1655,AcrE,100.0,1.0
K-12 MG1655,mdtE,100.0,1.0
K-12 MG1655,emrK,100.0,1.0
K-12 MG1655,mdtN,100.0,1.0
K-12 MG1655,PmrF,100.0,1.0
K-12 MG1655,leuO,98.0,1.0
K-12 MG1655,gadX,100.0,1.0
K-12 MG1655,bacA,100.0,1.0
K-12 MG1655,kdpE,100.0,1.0
K-12 MG1655,AcrS,100.0,1.0
K-12 MG1655,CRP,99.8,1.0
K-12 MG1655,evgA,100.0,1.0
K-12 MG1655,gadW,94.7,1.0
K-12 MG1655,emrR,100.0,1.0
K-12 MG1655,H-NS,99.3,1.0
K-12 MG1655,marA,100.0,1.0
K-12 MG1655,Ecol_emrE,100.0,1.0
CFT073,evgS,96.1,1.0
CFT073,acrB,98.6,1.0
CFT073,acrD,98.0,1.0
CFT073,mdtF,97.3,1.0
CFT073,mdtB,96.3,1.0
CFT073,mdtC,94.2,1.0
CFT073,mdtO,97.1,1.0
CFT073,msbA,98.1,1.0
CFT073,YojI,98.1,1.0
CFT073,emrY,97.7,1.0
CFT073,emrB,96.9,1.0
CFT073,TolC,97.8,1.0
CFT073,mdtP,97.6,1.0
CFT073,cpxA,98.5,1.0
CFT073,eptA,91.8,1.0
CFT073,Ecol_acrA,99.2,1.0
CFT073,mdtG,98.2,1.0
CFT073,mdtH,98.3,1.0
CFT073,AcrE,98.8,1.0
CFT073,emrA,98.2,1.0
CFT073,mdtE,98.6,1.0
CFT073,Ecol_mdfA,96.6,1.0
CFT073,mdtA,95.2,1.0
CFT073,ugd,96.9,1.0
CFT073,emrK,97.7,1.0
CFT073,leuO,100.0,1.0
CFT073,PmrF,97.6,1.0
CFT073,mdtN,95.7,1.0
CFT073,bacA,98.2,1.0
CFT073,gadW,99.9,1.0
CFT073,gadX,93.8,1.0
CFT073,AcrS,98.2,1.0
CFT073,CRP,99.2,1.0
CFT073,evgA,99.0,1.0
CFT073,kdpE,95.8,0.99
CFT073,emrR,98.7,1.0
CFT073,H-NS,99.3,1.0
CFT073,marA,98.7,1.0
CFT073,Ecol_emrE,92.2,1.0
O157:H7 Sakai,evgS,97.0,1.0
O157:H7 Sakai,acrB,99.1,1.0
O157:H7 Sakai,acrD,99.1,1.0
O157:H7 Sakai,mdtF,98.9,1.0
O157:H7 Sakai,mdtB,97.5,1.0
O157:H7 Sakai,mdtC,97.6,1.0
O157:H7 Sakai,mdtO,97.9,1.0
O157:H7 Sakai,msbA,98.7,1.0
O157:H7 Sakai,YojI,99.3,1.0
O157:H7 Sakai,eptA,98.9,1.0
O157:H7 Sakai,emrY,98.8,1.0
O157:H7 Sakai,emrB,98.6,1.0
O157:H7 Sakai,TolC,98.9,1.0
O157:H7 Sakai,mdtP,97.9,1.0
O157:H7 Sakai,cpxA,100.0,1.0
O157:H7 Sakai,Ecol_acrA,99.8,1.0
O157:H7 Sakai,mdtG,98.8,1.0
O157:H7 Sakai,mdtA,98.1,1.0
O157:H7 Sakai,mdtH,98.6,1.0
O157:H7 Sakai,emrA,99.2,1.0
O157:H7 Sakai,AcrE,99.1,1.0
O157:H7 Sakai,mdtE,99.1,1.0
O157:H7 Sakai,Ecol_mdfA,97.0,1.0
O157:H7 Sakai,ugd,97.3,1.0
O157:H7 Sakai,emrK,98.7,1.0
O157:H7 Sakai,mdtN,97.8,1.0
O157:H7 Sakai,PmrF,99.2,1.0
O157:H7 Sakai,leuO,97.6,1.0
O157:H7 Sakai,bacA,99.5,1.0
O157:H7 Sakai,gadX,98.3,1.0
O157:H7 Sakai,AcrS,99.4,1.0
O157:H7 Sakai,kdpE,97.2,1.0
O157:H7 Sakai,gadW,94.9,1.0
O157:H7 Sakai,CRP,99.1,1.0
O157:H7 Sakai,evgA,100.0,1.0
O157:H7 Sakai,emrR,99.6,1.0
O157:H7 Sakai,H-NS,100.0,1.0
O157:H7 Sakai,marA,99.2,1.0
O157:H7 Sakai,Ecol_emrE,98.8,1.0
O55:H7 RM12579,evgS,96.9,1.0
O55:H7 RM12579,acrB,99.2,1.0
O55:H7 RM12579,acrD,99.2,1.0
O55:H7 RM12579,mdtF,98.9,1.0
O55:H7 RM12579,mdtB,97.2,1.0
O55:H7 RM12579,mdtC,96.5,1.0
O55:H7 RM12579,mdtO,97.9,1.0
O55:H7 RM12579,msbA,98.7,1.0
O55:H7 RM12579,YojI,99.3,1.0
O55:H7 RM12579,eptA,98.9,1.0
O55:H7 RM12579,emrY,98.9,1.0
O55:H7 RM12579,emrB,98.6,1.0
O55:H7 RM12579,TolC,99.0,1.0
O55:H7 RM12579,mdtP,97.9,1.0
O55:H7 RM12579,cpxA,100.0,1.0
O55:H7 RM12579,Ecol_acrA,99.8,1.0
O55:H7 RM12579,mdtG,98.9,1.0
O55:H7 RM12579,mdtA,98.0,1.0
O55:H7 RM12579,mdtH,98.6,1.0
O55:H7 RM12579,emrA,99.1,1.0
O55:H7 RM12579,mdtE,99.2,1.0
O55:H7 RM12579,AcrE,99.1,1.0
O55:H7 RM12579,Ecol_mdfA,97.0,1.0
O55:H7 RM12579,ugd,96.7,1.0
O55:H7 RM12579,emrK,98.6,1.0
O55:H7 RM12579,mdtN,97.8,1.0
O55:H7 RM12579,PmrF,99.2,1.0
O55:H7 RM12579,leuO,97.6,1.0
O55:H7 RM12579,bacA,99.5,1.0
O55:H7 RM12579,gadX,98.3,1.0
O55:H7 RM12579,AcrS,99.4,1.0
O55:H7 RM12579,kdpE,97.2,1.0
O55:H7 RM12579,gadW,94.9,1.0
O55:H7 RM12579,evgA,100.0,1.0
O55:H7 RM12579,CRP,99.1,1.0
O55:H7 RM12579,emrR,99.6,1.0
O55:H7 RM12579,H-NS,99.8,1.0
O55:H7 RM12579,marA,99.2,1.0
EC958,evgS,96.3,1.0
EC958,acrB,98.8,1.0
EC958,acrD,98.7,1.0
EC958,mdtF,97.3,1.0
EC958,mdtB,96.2,1.0
EC958,mdtC,94.0,1.0
EC958,mdtO,97.1,1.0
EC958,msbA,98.1,1.0
EC958,YojI,97.4,1.0
EC958,emrB,98.4,1.0
EC958,emrY,97.7,1.0
EC958,TolC,98.2,1.0
EC958,mdtP,97.6,1.0
EC958,cpxA,98.5,1.0
EC958,eptA,91.4,1.0
EC958,mdtG,98.4,1.0
EC958,Ecol_acrA,99.1,1.0
EC958,mdtH,98.3,1.0
EC958,AcrE,98.8,1.0
EC958,mdtE,98.5,1.0
EC958,emrA,98.0,1.0
EC958,Ecol_mdfA,96.3,1.0
EC958,mdtA,95.6,1.0
EC958,ugd,96.0,1.0
EC958,emrK,97.7,1.0
EC958,mdtN,96.2,1.0
EC958,PmrF,97.6,1.0
EC958,leuO,98.2,1.0
EC958,bacA,98.3,1.0
EC958,gadW,100.0,1.0
EC958,gadX,93.9,1.0
EC958,AcrS,98.3,1.0
EC958,CRP,99.2,1.0
EC958,evgA,99.0,1.0
EC958,kdpE,95.5,0.99
EC958,emrR,98.5,1.0
EC958,H-NS,99.3,1.0
EC958,marA,99.0,1.0
EC958,Ecol_emrE,92.2,1.0
O104:H4 2009EL-2050,evgS,99.2,1.0
O104:H4 2009EL-2050,acrB,99.2,1.0
O104:H4 2009EL-2050,acrD,99.0,1.0
O104:H4 2009EL-2050,mdtB,98.6,1.0
O104:H4 2009EL-2050,mdtF,98.5,1.0
O104:H4 2009EL-2050,mdtC,97.4,1.0
O104:H4 2009EL-2050,mdtO,98.6,1.0
O104:H4 2009EL-2050,msbA,99.1,1.0
O104:H4 2009EL-2050,eptA,99.4,1.0
O104:H4 2009EL-2050,YojI,98.1,1.0
O104:H4 2009EL-2050,emrY,98.8,1.0
O104:H4 2009EL-2050,emrB,98.5,1.0
O104:H4 2009EL-2050,TolC,98.4,1.0
O104:H4 2009EL-2050,mdtP,98.2,1.0
O104:H4 2009EL-2050,cpxA,98.8,1.0
O104:H4 2009EL-2050,mdtG,98.8,1.0
O104:H4 2009EL-2050,Ecol_acrA,99.7,1.0
O104:H4 2009EL-2050,mdtA,98.0,1.0
O104:H4 2009EL-2050,mdtH,98.8,1.0
O104:H4 2009EL-2050,mdtE,99.7,1.0
O104:H4 2009EL-2050,Ecol_mdfA,96.9,1.0
O104:H4 2009EL-2050,emrA,98.3,1.0
O104:H4 2009EL-2050,AcrE,98.7,1.0
O104:H4 2009EL-2050,ugd,97.3,1.0
O104:H4 2009EL-2050,emrK,99.7,1.0
O104:H4 2009EL-2050,mdtN,98.1,1.0
O104:H4 2009EL-2050,PmrF,99.5,1.0
O104:H4 2009EL-2050,leuO,98.1,1.0
O104:H4 2009EL-2050,bacA,98.9,1.0
O104:H4 2009EL-2050,gadX,97.9,1.0
O104:H4 2009EL-2050,AcrS,99.4,1.0
O104:H4 2009EL-2050,CRP,99.5,1.0
O104:H4 2009EL-2050,kdpE,97.0,0.99
O104:H4 2009EL-2050,gadW,94.2,1.0
O104:H4 2009EL-2050,evgA,99.0,1.0
O104:H4 2009EL-2050,emrR,100.0,1.0
O104:H4 2009EL-2050,H-NS,99.0,1.0
O104:H4 2009EL-2050,marA,99.2,1.0
O104:H4 2009EL-2050,Ecol_emrE,91.9,1.0
AR Bank #0349,evgS,96.7,1.0
AR Bank #0349,acrB,99.1,1.0
AR Bank #0349,acrD,98.7,1.0
AR Bank #0349,mdtF,98.0,1.0
AR Bank #0349,mdtB,95.9,1.0
AR Bank #0349,mdtC,95.6,1.0
AR Bank #0349,mdtO,96.4,1.0
AR Bank #0349,msbA,99.0,1.0
AR Bank #0349,YojI,97.3,1.0
AR Bank #0349,eptA,97.3,1.0
AR Bank #0349,TolC,100.0,1.0
AR Bank #0349,emrB,98.4,1.0
AR Bank #0349,emrY,98.1,1.0
AR Bank #0349,cpxA,98.8,1.0
AR Bank #0349,mdtP,96.7,1.0
AR Bank #0349,Ecol_acrA,99.1,1.0
AR Bank #0349,mdtG,98.2,1.0
AR Bank #0349,mdtH,97.8,1.0
AR Bank #0349,emrA,98.3,1.0
AR Bank #0349,Ecol_mdfA,96.8,1.0
AR Bank #0349,AcrE,98.6,1.0
AR Bank #0349,mdtA,96.2,1.0
AR Bank #0349,mdtE,98.4,1.0
AR Bank #0349,ugd,98.1,1.0
AR Bank #0349,emrK,97.3,1.0
AR Bank #0349,mdtN,97.8,1.0
AR Bank #0349,PmrF,98.0,1.0
AR Bank #0349,leuO,97.0,1.0
AR Bank #0349,bacA,96.6,1.0
AR Bank #0349,gadW,96.0,1.0
AR Bank #0349,CRP,99.2,1.0
AR Bank #0349,kdpE,97.0,1.0
AR Bank #0349,AcrS,97.6,1.0
AR Bank #0349,evgA,99.2,1.0
AR Bank #0349,gadX,93.4,0.89
AR Bank #0349,emrR,99.4,1.0
AR Bank #0349,H-NS,99.3,1.0
AR Bank #0349,marA,99.7,1.0
AR Bank #0349,Ecol_emrE,99.7,1.0
ATCC 25922,evgS,96.2,1.0
ATCC 25922,acrB,98.6,1.0
ATCC 25922,acrD,98.0,1.0
ATCC 25922,mdtF,97.3,1.0
ATCC 25922,mdtB,96.3,1.0
ATCC 25922,mdtC,94.2,1.0
ATCC 25922,mdtO,97.1,1.0
ATCC 25922,msbA,98.1,1.0
ATCC 25922,YojI,98.1,1.0
ATCC 25922,emrY,97.7,1.0
ATCC 25922,emrB,96.9,1.0
ATCC 25922,TolC,98.0,1.0
ATCC 25922,mdtP,97.6,1.0
ATCC 25922,cpxA,98.5,1.0
ATCC 25922,eptA,91.8,1.0
ATCC 25922,Ecol_acrA,99.2,1.0
ATCC 25922,mdtG,98.2,1.0
ATCC 25922,mdtH,98.3,1.0
ATCC 25922,AcrE,98.8,1.0
ATCC 25922,mdtE,98.6,1.0
ATCC 25922,emrA,98.2,1.0
ATCC 25922,Ecol_mdfA,96.6,1.0
ATCC 25922,mdtA,95.2,1.0
ATCC 25922,ugd,96.9,1.0
ATCC 25922,emrK,97.7,1.0
ATCC 25922,leuO,100.0,1.0
ATCC 25922,PmrF,97.6,1.0
ATCC 25922,mdtN,95.6,1.0
ATCC 25922,bacA,98.2,1.0
ATCC 25922,gadW,99.9,1.0
ATCC 25922,gadX,93.8,1.0
ATCC 25922,AcrS,98.3,1.0
ATCC 25922,CRP,99.2,1.0
ATCC 25922,evgA,99.0,1.0
ATCC 25922,kdpE,95.8,0.99
ATCC 25922,emrR,98.7,1.0
ATCC 25922,H-NS,99.3,1.0
ATCC 25922,marA,98.7,1.0
ATCC 25922,Ecol_emrE,92.2,1.0
AVS0096,evgS,99.4,1.0
AVS0096,acrB,98.8,1.0
AVS0096,acrD,98.5,1.0
AVS0096,mdtF,97.3,1.0
AVS0096,mdtB,95.9,1.0
AVS0096,mdtC,93.9,1.0
AVS0096,mdtO,97.1,1.0
AVS0096,msbA,98.1,1.0
AVS0096,YojI,97.9,1.0
AVS0096,TolC,100.0,1.0
AVS0096,emrB,98.1,1.0
AVS0096,emrY,97.7,1.0
AVS0096,mdtP,97.7,1.0
AVS0096,cpxA,98.6,1.0
AVS0096,eptA,91.1,1.0
AVS0096,mdtG,98.4,1.0
AVS0096,Ecol_acrA,99.2,1.0
AVS0096,mdtH,98.0,1.0
AVS0096,AcrE,98.7,1.0
AVS0096,emrA,98.1,1.0
AVS0096,mdtE,98.4,1.0
AVS0096,Ecol_mdfA,96.3,1.0
AVS0096,mdtA,95.8,1.0
AVS0096,ugd,97.0,1.0
AVS0096,emrK,97.3,1.0
AVS0096,leuO,99.8,1.0
AVS0096,PmrF,97.7,1.0
AVS0096,mdtN,94.9,1.0
AVS0096,bacA,100.0,1.0
AVS0096,gadW,99.7,1.0
AVS0096,gadX,93.8,1.0
AVS0096,AcrS,98.3,1.0
AVS0096,evgA,100.0,1.0
AVS0096,CRP,99.1,1.0
AVS0096,kdpE,95.8,0.99
AVS0096,emrR,98.5,1.0
AVS0096,H-NS,99.3,1.0
AVS0096,marA,98.4,1.0
AVS0096,Ecol_emrE,92.2,1.0
MS10858,evgS,99.4,1.0
MS10858,acrB,98.8,1.0
MS10858,acrD,98.5,1.0
MS10858,mdtF,97.3,1.0
MS10858,mdtB,95.9,1.0
MS10858,mdtC,93.9,1.0
MS10858,mdtO,97.1,1.0
MS10858,msbA,98.1,1.0
MS10858,YojI,97.9,1.0
MS10858,TolC,100.0,1.0
MS10858,emrB,98.1,1.0
MS10858,emrY,97.7,1.0
MS10858,mdtP,97.7,1.0
MS10858,cpxA,98.6,1.0
MS10858,eptA,91.1,1.0
MS10858,mdtG,98.4,1.0
MS10858,Ecol_acrA,99.2,1.0
MS10858,mdtH,98.0,1.0
MS10858,AcrE,98.7,1.0
MS10858,emrA,98.1,1.0
MS10858,mdtE,98.4,1.0
MS10858,Ecol_mdfA,96.3,1.0
MS10858,mdtA,95.8,1.0
MS10858,ugd,97.0,1.0
MS10858,emrK,97.3,1.0
MS10858,leuO,99.8,1.0
MS10858,PmrF,97.7,1.0
MS10858,mdtN,94.9,1.0
MS10858,bacA,100.0,1.0
MS10858,gadW,99.7,1.0
MS10858,gadX,93.8,1.0
MS10858,AcrS,98.3,1.0
MS10858,evgA,100.0,1.0
MS10858,CRP,99.1,1.0
MS10858,kdpE,95.8,0.99
MS10858,emrR,98.5,1.0
MS10858,H-NS,99.3,1.0
MS10858,marA,98.4,1.0
MS10858,Ecol_emrE,92.2,1.0
