GCF_000005845.2	NC_000913.3 Escherichia coli str. K-12 substr. MG1655, complete genome	4641652
GCF_000007445.1	NC_004431.1 Escherichia coli CFT073, complete sequence	5231428
GCF_000008865.2	NC_002695.2 Escherichia coli O157:H7 str. Sakai DNA, complete genome	5498578
GCF_000008865.2	NC_002127.1 Escherichia coli O157:H7 str. Sakai plasmid pOSAK1, complete sequence	3306
GCF_000008865.2	NC_002128.1 Escherichia coli O157:H7 str. Sakai plasmid pO157, complete sequence	92721
GCF_000245515.1	NC_017656.1 Escherichia coli O55:H7 str. RM12579, complete sequence	5263980
GCF_000245515.1	NC_017653.1 Escherichia coli O55:H7 str. RM12579 plasmid p12579_1, complete sequence	94015
GCF_000245515.1	NC_017657.1 Escherichia coli O55:H7 str. RM12579 plasmid p12579_2, complete sequence	66078
GCF_000245515.1	NC_017654.1 Escherichia coli O55:H7 str. RM12579 plasmid p12579_3, complete sequence	12068
GCF_000245515.1	NC_017658.1 Escherichia coli O55:H7 str. RM12579 plasmid p12579_4, complete sequence	6211
GCF_000245515.1	NC_017655.1 Escherichia coli O55:H7 str. RM12579 plasmid p12579_5, complete sequence	5954
GCF_000285655.3	NZ_HG941718.1 Escherichia coli O25b:H4-ST131 strain EC958 chromosome I, complete sequence	5109767
GCF_000285655.3	NZ_HG941719.1 Escherichia coli O25b:H4-ST131 strain EC958 plasmid pEC958, complete sequence	135602
GCF_000285655.3	NZ_HG941720.1 Escherichia coli O25b:H4-ST131 strain EC958 plasmid pEC958B, complete sequence	4080
GCF_000299255.1	NC_018650.1 Escherichia coli O104:H4 str. 2009EL-2050, complete sequence	5253138
GCF_000299255.1	NC_018651.1 Escherichia coli O104:H4 str. 2009EL-2050 plasmid p09EL50, complete sequence	109274
GCF_000299255.1	NC_018654.1 Escherichia coli O104:H4 str. 2009EL-2050 plasmid pAA-09EL50, complete sequence	74213
GCF_000299255.1	NC_018652.1 Escherichia coli O104:H4 str. 2009EL-2050 plasmid pG-09EL50, complete sequence	1549
GCF_008152105.1	NZ_CP041996.1 Escherichia coli strain AR Bank #0349 chromosome, complete genome	4995442
GCF_008152105.1	NZ_CP041997.1 Escherichia coli strain AR Bank #0349 plasmid pAR349, complete sequence	278067
GCF_017357505.1	NZ_CP032085.1 Escherichia coli strain ATCC 25922 chromosome, complete genome	5152857
GCF_017357505.1	NZ_CP032087.1 Escherichia coli strain ATCC 25922 plasmid pL25922_1, complete sequence	37009
GCF_017357505.1	NZ_CP032088.1 Escherichia coli strain ATCC 25922 plasmid pL25922_2, complete sequence	28563
GCF_017357505.1	NZ_CP032086.1 Escherichia coli strain ATCC 25922 plasmid pL25922_3	94204
GCF_018798845.1	NZ_CP076344.1 Escherichia coli strain AVS0096 chromosome, complete genome	4944762
GCF_018798845.1	NZ_CP076345.1 Escherichia coli strain AVS0096 plasmid pAVS0096-a, complete sequence	101018
GCF_018798845.1	NZ_CP076346.1 Escherichia coli strain AVS0096 plasmid pAVS0096-b, complete sequence	44199
GCF_018798845.1	NZ_CP076347.1 Escherichia coli strain AVS0096 plasmid pAVS0096-c, complete sequence	2113
GCF_030988725.1	NZ_CP058897.1 Escherichia coli strain MS10858 chromosome, complete genome	4935580
GCF_030988725.1	NZ_CP058898.1 Escherichia coli strain MS10858 plasmid pMS10858A, complete sequence	93277
GCF_030988725.1	NZ_CP058899.1 Escherichia coli strain MS10858 plasmid pMS10858B, complete sequence	2113
GCF_030988725.1	NZ_CP058900.1 Escherichia coli strain MS10858 plasmid pMS10858C, complete sequence	4072
