Protein id,Contig id,Start,Stop,Strand,Element symbol,Element name,Scope,Type,Subtype,Class,Subclass,Method,Target length,Reference sequence length,% Coverage of reference,% Identity to reference,Alignment length,Closest reference accession,Closest reference name,HMM accession,HMM description,accession,strain,category,contig,length,location
,NC_017654.1,789,1646,-,blaTEM-1,broad-spectrum class A beta-lactamase TEM-1,core,AMR,AMR,BETA-LACTAM,BETA-LACTAM,ALLELEX,286,286.0,100.0,100.0,286,WP_000027057.1,broad-spectrum class A beta-lactamase TEM-1,,,GCF_000245515.1,O55:H7 RM12579,acquired,NC_017654.1,12068,plasmid/other
,NC_017658.1,141,953,+,sul2,sulfonamide-resistant dihydropteroate synthase Sul2,core,AMR,AMR,SULFONAMIDE,SULFONAMIDE,EXACTX,271,271.0,100.0,100.0,271,WP_001043260.1,sulfonamide-resistant dihydropteroate synthase Sul2,,,GCF_000245515.1,O55:H7 RM12579,acquired,NC_017658.1,6211,plasmid/other
,NC_017658.1,1017,1817,+,aph(3'')-Ib,aminoglycoside O-phosphotransferase APH(3'')-Ib,core,AMR,AMR,AMINOGLYCOSIDE,STREPTOMYCIN,EXACTX,267,267.0,100.0,100.0,267,WP_001082319.1,aminoglycoside O-phosphotransferase APH(3'')-Ib,,,GCF_000245515.1,O55:H7 RM12579,acquired,NC_017658.1,6211,plasmid/other
,NC_017658.1,1820,2653,+,aph(6)-Id,aminoglycoside O-phosphotransferase APH(6)-Id,core,AMR,AMR,AMINOGLYCOSIDE,STREPTOMYCIN,EXACTX,278,278.0,100.0,100.0,278,WP_000480968.1,aminoglycoside O-phosphotransferase APH(6)-Id,,,GCF_000245515.1,O55:H7 RM12579,acquired,NC_017658.1,6211,plasmid/other
,NZ_HG941718.1,4940404,4941546,+,blaCMY-23,class C beta-lactamase CMY-23,core,AMR,AMR,BETA-LACTAM,CEPHALOSPORIN,ALLELEX,381,381.0,100.0,100.0,381,WP_000976515.1,class C beta-lactamase CMY-23,,,GCF_000285655.3,EC958,acquired,NZ_HG941718.1,5109767,chromosome
,NZ_HG941719.1,39866,40723,+,blaTEM-1,broad-spectrum class A beta-lactamase TEM-1,core,AMR,AMR,BETA-LACTAM,BETA-LACTAM,ALLELEX,286,286.0,100.0,100.0,286,WP_000027057.1,broad-spectrum class A beta-lactamase TEM-1,,,GCF_000285655.3,EC958,acquired,NZ_HG941719.1,135602,plasmid/other
,NZ_HG941719.1,88981,89451,+,dfrA17,trimethoprim-resistant dihydrofolate reductase DfrA17,core,AMR,AMR,TRIMETHOPRIM,TRIMETHOPRIM,EXACTX,157,157.0,100.0,100.0,157,WP_001389366.1,trimethoprim-resistant dihydrofolate reductase DfrA17,,,GCF_000285655.3,EC958,acquired,NZ_HG941719.1,135602,plasmid/other
,NZ_HG941719.1,89585,90370,+,aadA5,ANT(3'')-Ia family aminoglycoside nucleotidyltransferase AadA5,core,AMR,AMR,AMINOGLYCOSIDE,STREPTOMYCIN,EXACTX,262,262.0,100.0,100.0,262,WP_000503573.1,ANT(3'')-Ia family aminoglycoside nucleotidyltransferase AadA5,,,GCF_000285655.3,EC958,acquired,NZ_HG941719.1,135602,plasmid/other
,NZ_HG941719.1,90920,91756,+,sul1,sulfonamide-resistant dihydropteroate synthase Sul1,core,AMR,AMR,SULFONAMIDE,SULFONAMIDE,EXACTX,279,279.0,100.0,100.0,279,WP_000259031.1,sulfonamide-resistant dihydropteroate synthase Sul1,,,GCF_000285655.3,EC958,acquired,NZ_HG941719.1,135602,plasmid/other
,NZ_HG941719.1,95838,97073,-,mrx(A),phosphorylated macrolide efflux MFS transporter Mrx(A),core,AMR,AMR,MACROLIDE,AZITHROMYCIN/ERYTHROMYCIN/SPIRAMYCIN/TELITHROMYCIN,EXACTX,412,412.0,100.0,100.0,412,WP_000004159.1,phosphorylated macrolide efflux MFS transporter Mrx(A),,,GCF_000285655.3,EC958,acquired,NZ_HG941719.1,135602,plasmid/other
,NZ_HG941719.1,97073,97975,-,mph(A),Mph(A) family macrolide 2'-phosphotransferase,core,AMR,AMR,MACROLIDE,AZITHROMYCIN/ERYTHROMYCIN/SPIRAMYCIN/TELITHROMYCIN,EXACTX,301,301.0,100.0,100.0,301,WP_000219391.1,Mph(A) family macrolide 2'-phosphotransferase,,,GCF_000285655.3,EC958,acquired,NZ_HG941719.1,135602,plasmid/other
,NZ_HG941719.1,98937,99809,+,blaCTX-M-15,extended-spectrum class A beta-lactamase CTX-M-15,core,AMR,AMR,BETA-LACTAM,CEPHALOSPORIN,ALLELEX,291,291.0,100.0,100.0,291,WP_000239590.1,extended-spectrum class A beta-lactamase CTX-M-15,,,GCF_000285655.3,EC958,acquired,NZ_HG941719.1,135602,plasmid/other
,NZ_HG941719.1,103271,103711,-,catB3,type B-3 chloramphenicol O-acetyltransferase CatB3,core,AMR,AMR,PHENICOL,CHLORAMPHENICOL,PARTIALX,147,210.0,70.0,100.0,147,WP_000186237.1,type B-3 chloramphenicol O-acetyltransferase CatB3,,,GCF_000285655.3,EC958,acquired,NZ_HG941719.1,135602,plasmid/other
,NZ_HG941719.1,103852,104679,-,blaOXA-1,oxacillin-hydrolyzing class D beta-lactamase OXA-1,core,AMR,AMR,BETA-LACTAM,CEPHALOSPORIN,ALLELEX,276,276.0,100.0,100.0,276,WP_001334766.1,oxacillin-hydrolyzing class D beta-lactamase OXA-1,,,GCF_000285655.3,EC958,acquired,NZ_HG941719.1,135602,plasmid/other
,NZ_HG941719.1,104813,105364,-,aac(6')-Ib-cr5,fluoroquinolone-acetylating aminoglycoside 6'-N-acetyltransferase AAC(6')-Ib-cr5,core,AMR,AMR,AMINOGLYCOSIDE/QUINOLONE,AMIKACIN/KANAMYCIN/QUINOLONE/TOBRAMYCIN,ALLELEX,184,184.0,100.0,100.0,184,WP_063840321.1,fluoroquinolone-acetylating aminoglycoside 6'-N-acetyltransferase AAC(6')-Ib-cr5,,,GCF_000285655.3,EC958,acquired,NZ_HG941719.1,135602,plasmid/other
,NZ_HG941719.1,108864,110060,+,tet(A),tetracycline efflux MFS transporter Tet(A),core,AMR,AMR,TETRACYCLINE,TETRACYCLINE,EXACTX,399,399.0,100.0,100.0,399,WP_000804064.1,tetracycline efflux MFS transporter Tet(A),,,GCF_000285655.3,EC958,acquired,NZ_HG941719.1,135602,plasmid/other
,NC_018650.1,67566,68762,-,tet(A),tetracycline efflux MFS transporter Tet(A),core,AMR,AMR,TETRACYCLINE,TETRACYCLINE,EXACTX,399,399.0,100.0,100.0,399,WP_000804064.1,tetracycline efflux MFS transporter Tet(A),,,GCF_000299255.1,O104:H4 2009EL-2050,acquired,NC_018650.1,5253138,chromosome
,NC_018650.1,77613,78446,-,aph(6)-Id,aminoglycoside O-phosphotransferase APH(6)-Id,core,AMR,AMR,AMINOGLYCOSIDE,STREPTOMYCIN,EXACTX,278,278.0,100.0,100.0,278,WP_000480968.1,aminoglycoside O-phosphotransferase APH(6)-Id,,,GCF_000299255.1,O104:H4 2009EL-2050,acquired,NC_018650.1,5253138,chromosome
,NC_018650.1,78449,79249,-,aph(3'')-Ib,aminoglycoside O-phosphotransferase APH(3'')-Ib,core,AMR,AMR,AMINOGLYCOSIDE,STREPTOMYCIN,EXACTX,267,267.0,100.0,100.0,267,WP_001082319.1,aminoglycoside O-phosphotransferase APH(3'')-Ib,,,GCF_000299255.1,O104:H4 2009EL-2050,acquired,NC_018650.1,5253138,chromosome
,NC_018650.1,79313,80125,-,sul2,sulfonamide-resistant dihydropteroate synthase Sul2,core,AMR,AMR,SULFONAMIDE,SULFONAMIDE,EXACTX,271,271.0,100.0,100.0,271,WP_001043265.1,sulfonamide-resistant dihydropteroate synthase Sul2,,,GCF_000299255.1,O104:H4 2009EL-2050,acquired,NC_018650.1,5253138,chromosome
,NC_018650.1,83345,84202,-,blaTEM-1,broad-spectrum class A beta-lactamase TEM-1,core,AMR,AMR,BETA-LACTAM,BETA-LACTAM,ALLELEX,286,286.0,100.0,100.0,286,WP_000027057.1,broad-spectrum class A beta-lactamase TEM-1,,,GCF_000299255.1,O104:H4 2009EL-2050,acquired,NC_018650.1,5253138,chromosome
,NC_018650.1,87327,87797,+,dfrA7,trimethoprim-resistant dihydrofolate reductase DfrA7,core,AMR,AMR,TRIMETHOPRIM,TRIMETHOPRIM,EXACTX,157,157.0,100.0,100.0,157,WP_000703418.1,trimethoprim-resistant dihydrofolate reductase DfrA7,,,GCF_000299255.1,O104:H4 2009EL-2050,acquired,NC_018650.1,5253138,chromosome
,NC_018650.1,88371,89141,+,sul1,sulfonamide-resistant dihydropteroate synthase Sul1,core,AMR,AMR,SULFONAMIDE,SULFONAMIDE,BLASTX,257,275.0,93.45,98.83,257,WP_063855066.1,sulfonamide-resistant dihydropteroate synthase Sul1,,,GCF_000299255.1,O104:H4 2009EL-2050,acquired,NC_018650.1,5253138,chromosome
,NZ_CP041997.1,8689,9561,+,blaCTX-M-55,extended-spectrum class A beta-lactamase CTX-M-55,core,AMR,AMR,BETA-LACTAM,CEPHALOSPORIN,ALLELEX,291,291.0,100.0,100.0,291,WP_015387340.1,extended-spectrum class A beta-lactamase CTX-M-55,,,GCF_008152105.1,AR Bank #0349,acquired,NZ_CP041997.1,278067,plasmid/other
,NZ_CP041997.1,15534,16154,+,tet(A),tetracycline efflux MFS transporter Tet(A),core,AMR,AMR,TETRACYCLINE,TETRACYCLINE,PARTIALX,207,399.0,51.88,100.0,207,WP_000804063.1,tetracycline efflux MFS transporter Tet(A),,,GCF_008152105.1,AR Bank #0349,acquired,NZ_CP041997.1,278067,plasmid/other
,NZ_CP041997.1,21479,22213,+,tet(A),tetracycline efflux MFS transporter Tet(A),core,AMR,AMR,TETRACYCLINE,TETRACYCLINE,PARTIALX,245,399.0,61.4,98.78,245,WP_000804064.1,tetracycline efflux MFS transporter Tet(A),,,GCF_008152105.1,AR Bank #0349,acquired,NZ_CP041997.1,278067,plasmid/other
,NZ_CP041997.1,26964,27698,+,tet(A),tetracycline efflux MFS transporter Tet(A),core,AMR,AMR,TETRACYCLINE,TETRACYCLINE,PARTIALX,245,399.0,61.4,98.78,245,WP_000804064.1,tetracycline efflux MFS transporter Tet(A),,,GCF_008152105.1,AR Bank #0349,acquired,NZ_CP041997.1,278067,plasmid/other
,NZ_CP041997.1,33452,33922,+,dfrA14,trimethoprim-resistant dihydrofolate reductase DfrA14,core,AMR,AMR,TRIMETHOPRIM,TRIMETHOPRIM,EXACTX,157,157.0,100.0,100.0,157,WP_004201280.1,trimethoprim-resistant dihydrofolate reductase DfrA14,,,GCF_008152105.1,AR Bank #0349,acquired,NZ_CP041997.1,278067,plasmid/other
,NZ_CP041997.1,39926,40576,+,sul2,sulfonamide-resistant dihydropteroate synthase Sul2,core,AMR,AMR,SULFONAMIDE,SULFONAMIDE,PARTIALX,217,271.0,80.07,98.16,217,WP_001043260.1,sulfonamide-resistant dihydropteroate synthase Sul2,,,GCF_008152105.1,AR Bank #0349,acquired,NZ_CP041997.1,278067,plasmid/other
,NZ_CP041997.1,40681,41481,+,aph(3'')-Ib,aminoglycoside O-phosphotransferase APH(3'')-Ib,core,AMR,AMR,AMINOGLYCOSIDE,STREPTOMYCIN,BLASTX,267,267.0,100.0,99.63,267,WP_001082319.1,aminoglycoside O-phosphotransferase APH(3'')-Ib,,,GCF_008152105.1,AR Bank #0349,acquired,NZ_CP041997.1,278067,plasmid/other
,NZ_CP041997.1,41484,42317,+,aph(6)-Id,aminoglycoside O-phosphotransferase APH(6)-Id,core,AMR,AMR,AMINOGLYCOSIDE,STREPTOMYCIN,EXACTX,278,278.0,100.0,100.0,278,WP_000480972.1,aminoglycoside O-phosphotransferase APH(6)-Id,,,GCF_008152105.1,AR Bank #0349,acquired,NZ_CP041997.1,278067,plasmid/other
,NZ_CP041997.1,42554,43411,-,blaTEM-1,broad-spectrum class A beta-lactamase TEM-1,core,AMR,AMR,BETA-LACTAM,BETA-LACTAM,ALLELEX,286,286.0,100.0,100.0,286,WP_000027057.1,broad-spectrum class A beta-lactamase TEM-1,,,GCF_008152105.1,AR Bank #0349,acquired,NZ_CP041997.1,278067,plasmid/other
,NZ_CP041997.1,100718,102340,+,mcr-1.1,phosphoethanolamine--lipid A transferase MCR-1.1,core,AMR,AMR,COLISTIN,COLISTIN,ALLELEX,541,541.0,100.0,100.0,541,WP_049589868.1,phosphoethanolamine--lipid A transferase MCR-1.1,,,GCF_008152105.1,AR Bank #0349,acquired,NZ_CP041997.1,278067,plasmid/other
,NZ_CP041997.1,145215,146117,+,mph(A),Mph(A) family macrolide 2'-phosphotransferase,core,AMR,AMR,MACROLIDE,AZITHROMYCIN/ERYTHROMYCIN/SPIRAMYCIN/TELITHROMYCIN,EXACTX,301,301.0,100.0,100.0,301,WP_000219391.1,Mph(A) family macrolide 2'-phosphotransferase,,,GCF_008152105.1,AR Bank #0349,acquired,NZ_CP041997.1,278067,plasmid/other
,NZ_CP041997.1,146117,147352,+,mrx(A),phosphorylated macrolide efflux MFS transporter Mrx(A),core,AMR,AMR,MACROLIDE,AZITHROMYCIN/ERYTHROMYCIN/SPIRAMYCIN/TELITHROMYCIN,EXACTX,412,412.0,100.0,100.0,412,WP_000004159.1,phosphorylated macrolide efflux MFS transporter Mrx(A),,,GCF_008152105.1,AR Bank #0349,acquired,NZ_CP041997.1,278067,plasmid/other
,NZ_CP041997.1,166407,166820,-,fosA3,fosfomycin resistance glutathione transferase FosA3,core,AMR,AMR,FOSFOMYCIN,FOSFOMYCIN,ALLELEX,138,138.0,100.0,100.0,138,WP_014839980.1,fosfomycin resistance glutathione transferase FosA3,,,GCF_008152105.1,AR Bank #0349,acquired,NZ_CP041997.1,278067,plasmid/other
,NZ_CP041997.1,167435,168307,-,blaCTX-M-14,extended-spectrum class A beta-lactamase CTX-M-14,core,AMR,AMR,BETA-LACTAM,CEPHALOSPORIN,ALLELEX,291,291.0,100.0,100.0,291,WP_001617865.1,extended-spectrum class A beta-lactamase CTX-M-14,,,GCF_008152105.1,AR Bank #0349,acquired,NZ_CP041997.1,278067,plasmid/other
,NZ_CP041997.1,169428,170201,+,aac(3)-IVa,aminoglycoside N-acetyltransferase AAC(3)-IVa,core,AMR,AMR,AMINOGLYCOSIDE,APRAMYCIN/GENTAMICIN/TOBRAMYCIN,EXACTX,258,258.0,100.0,100.0,258,WP_001199192.1,aminoglycoside N-acetyltransferase AAC(3)-IVa,,,GCF_008152105.1,AR Bank #0349,acquired,NZ_CP041997.1,278067,plasmid/other
,NZ_CP041997.1,170433,171455,+,aph(4)-Ia,aminoglycoside O-phosphotransferase APH(4)-Ia,core,AMR,AMR,AMINOGLYCOSIDE,HYGROMYCIN,EXACTX,341,341.0,100.0,100.0,341,WP_000742814.1,aminoglycoside O-phosphotransferase APH(4)-Ia,,,GCF_008152105.1,AR Bank #0349,acquired,NZ_CP041997.1,278067,plasmid/other
,NZ_CP041997.1,176305,177117,+,sul2,sulfonamide-resistant dihydropteroate synthase Sul2,core,AMR,AMR,SULFONAMIDE,SULFONAMIDE,BLASTX,271,271.0,100.0,99.63,271,WP_001043260.1,sulfonamide-resistant dihydropteroate synthase Sul2,,,GCF_008152105.1,AR Bank #0349,acquired,NZ_CP041997.1,278067,plasmid/other
,NZ_CP041997.1,179626,180837,-,floR,chloramphenicol/florfenicol efflux MFS transporter FloR,core,AMR,AMR,PHENICOL,CHLORAMPHENICOL/FLORFENICOL,EXACTX,404,404.0,100.0,100.0,404,WP_000214122.1,chloramphenicol/florfenicol efflux MFS transporter FloR,,,GCF_008152105.1,AR Bank #0349,acquired,NZ_CP041997.1,278067,plasmid/other
,NZ_CP076345.1,43004,43474,+,dfrA17,trimethoprim-resistant dihydrofolate reductase DfrA17,core,AMR,AMR,TRIMETHOPRIM,TRIMETHOPRIM,EXACTX,157,157.0,100.0,100.0,157,WP_001389366.1,trimethoprim-resistant dihydrofolate reductase DfrA17,,,GCF_018798845.1,AVS0096,acquired,NZ_CP076345.1,101018,plasmid/other
,NZ_CP076345.1,43608,44393,+,aadA5,ANT(3'')-Ia family aminoglycoside nucleotidyltransferase AadA5,core,AMR,AMR,AMINOGLYCOSIDE,STREPTOMYCIN,EXACTX,262,262.0,100.0,100.0,262,WP_000503573.1,ANT(3'')-Ia family aminoglycoside nucleotidyltransferase AadA5,,,GCF_018798845.1,AVS0096,acquired,NZ_CP076345.1,101018,plasmid/other
,NZ_CP076345.1,44943,45779,+,sul1,sulfonamide-resistant dihydropteroate synthase Sul1,core,AMR,AMR,SULFONAMIDE,SULFONAMIDE,EXACTX,279,279.0,100.0,100.0,279,WP_000259031.1,sulfonamide-resistant dihydropteroate synthase Sul1,,,GCF_018798845.1,AVS0096,acquired,NZ_CP076345.1,101018,plasmid/other
,NZ_CP076345.1,49861,51096,-,mrx(A),phosphorylated macrolide efflux MFS transporter Mrx(A),core,AMR,AMR,MACROLIDE,AZITHROMYCIN/ERYTHROMYCIN/SPIRAMYCIN/TELITHROMYCIN,EXACTX,412,412.0,100.0,100.0,412,WP_000004159.1,phosphorylated macrolide efflux MFS transporter Mrx(A),,,GCF_018798845.1,AVS0096,acquired,NZ_CP076345.1,101018,plasmid/other
,NZ_CP076345.1,51096,51998,-,mph(A),Mph(A) family macrolide 2'-phosphotransferase,core,AMR,AMR,MACROLIDE,AZITHROMYCIN/ERYTHROMYCIN/SPIRAMYCIN/TELITHROMYCIN,EXACTX,301,301.0,100.0,100.0,301,WP_000219391.1,Mph(A) family macrolide 2'-phosphotransferase,,,GCF_018798845.1,AVS0096,acquired,NZ_CP076345.1,101018,plasmid/other
,NZ_CP076345.1,53369,54181,+,sul2,sulfonamide-resistant dihydropteroate synthase Sul2,core,AMR,AMR,SULFONAMIDE,SULFONAMIDE,EXACTX,271,271.0,100.0,100.0,271,WP_001043260.1,sulfonamide-resistant dihydropteroate synthase Sul2,,,GCF_018798845.1,AVS0096,acquired,NZ_CP076345.1,101018,plasmid/other
,NZ_CP076345.1,54245,55045,+,aph(3'')-Ib,aminoglycoside O-phosphotransferase APH(3'')-Ib,core,AMR,AMR,AMINOGLYCOSIDE,STREPTOMYCIN,EXACTX,267,267.0,100.0,100.0,267,WP_001082319.1,aminoglycoside O-phosphotransferase APH(3'')-Ib,,,GCF_018798845.1,AVS0096,acquired,NZ_CP076345.1,101018,plasmid/other
,NZ_CP076345.1,55048,55881,+,aph(6)-Id,aminoglycoside O-phosphotransferase APH(6)-Id,core,AMR,AMR,AMINOGLYCOSIDE,STREPTOMYCIN,EXACTX,278,278.0,100.0,100.0,278,WP_000480972.1,aminoglycoside O-phosphotransferase APH(6)-Id,,,GCF_018798845.1,AVS0096,acquired,NZ_CP076345.1,101018,plasmid/other
,NZ_CP076345.1,56938,58134,+,tet(A),tetracycline efflux MFS transporter Tet(A),core,AMR,AMR,TETRACYCLINE,TETRACYCLINE,EXACTX,399,399.0,100.0,100.0,399,WP_000804064.1,tetracycline efflux MFS transporter Tet(A),,,GCF_018798845.1,AVS0096,acquired,NZ_CP076345.1,101018,plasmid/other
,NZ_CP076345.1,62196,63068,+,blaCTX-M-27,extended-spectrum class A beta-lactamase CTX-M-27,core,AMR,AMR,BETA-LACTAM,CEPHALOSPORIN,ALLELEX,291,291.0,100.0,100.0,291,WP_032277257.1,extended-spectrum class A beta-lactamase CTX-M-27,,,GCF_018798845.1,AVS0096,acquired,NZ_CP076345.1,101018,plasmid/other
,NZ_CP058898.1,36826,37683,-,blaTEM-1,broad-spectrum class A beta-lactamase TEM-1,core,AMR,AMR,BETA-LACTAM,BETA-LACTAM,ALLELEX,286,286.0,100.0,100.0,286,WP_000027057.1,broad-spectrum class A beta-lactamase TEM-1,,,GCF_030988725.1,MS10858,acquired,NZ_CP058898.1,93277,plasmid/other
,NZ_CP058898.1,52746,53582,+,aac(3)-IId,aminoglycoside N-acetyltransferase AAC(3)-IId,core,AMR,AMR,AMINOGLYCOSIDE,GENTAMICIN,BLASTX,279,286.0,97.55,99.64,279,WP_000557454.1,aminoglycoside N-acetyltransferase AAC(3)-IId,,,GCF_030988725.1,MS10858,acquired,NZ_CP058898.1,93277,plasmid/other
,NZ_CP058898.1,55410,55880,+,dfrA17,trimethoprim-resistant dihydrofolate reductase DfrA17,core,AMR,AMR,TRIMETHOPRIM,TRIMETHOPRIM,EXACTX,157,157.0,100.0,100.0,157,WP_001389366.1,trimethoprim-resistant dihydrofolate reductase DfrA17,,,GCF_030988725.1,MS10858,acquired,NZ_CP058898.1,93277,plasmid/other
,NZ_CP058898.1,56014,56799,+,aadA5,ANT(3'')-Ia family aminoglycoside nucleotidyltransferase AadA5,core,AMR,AMR,AMINOGLYCOSIDE,STREPTOMYCIN,EXACTX,262,262.0,100.0,100.0,262,WP_000503573.1,ANT(3'')-Ia family aminoglycoside nucleotidyltransferase AadA5,,,GCF_030988725.1,MS10858,acquired,NZ_CP058898.1,93277,plasmid/other
,NZ_CP058898.1,57349,58185,+,sul1,sulfonamide-resistant dihydropteroate synthase Sul1,core,AMR,AMR,SULFONAMIDE,SULFONAMIDE,EXACTX,279,279.0,100.0,100.0,279,WP_000259031.1,sulfonamide-resistant dihydropteroate synthase Sul1,,,GCF_030988725.1,MS10858,acquired,NZ_CP058898.1,93277,plasmid/other
,NZ_CP058898.1,62267,63502,-,mrx(A),phosphorylated macrolide efflux MFS transporter Mrx(A),core,AMR,AMR,MACROLIDE,AZITHROMYCIN/ERYTHROMYCIN/SPIRAMYCIN/TELITHROMYCIN,EXACTX,412,412.0,100.0,100.0,412,WP_000004159.1,phosphorylated macrolide efflux MFS transporter Mrx(A),,,GCF_030988725.1,MS10858,acquired,NZ_CP058898.1,93277,plasmid/other
,NZ_CP058898.1,63502,64404,-,mph(A),Mph(A) family macrolide 2'-phosphotransferase,core,AMR,AMR,MACROLIDE,AZITHROMYCIN/ERYTHROMYCIN/SPIRAMYCIN/TELITHROMYCIN,EXACTX,301,301.0,100.0,100.0,301,WP_000219391.1,Mph(A) family macrolide 2'-phosphotransferase,,,GCF_030988725.1,MS10858,acquired,NZ_CP058898.1,93277,plasmid/other
,NZ_CP058898.1,65775,66587,+,sul2,sulfonamide-resistant dihydropteroate synthase Sul2,core,AMR,AMR,SULFONAMIDE,SULFONAMIDE,EXACTX,271,271.0,100.0,100.0,271,WP_001043260.1,sulfonamide-resistant dihydropteroate synthase Sul2,,,GCF_030988725.1,MS10858,acquired,NZ_CP058898.1,93277,plasmid/other
,NZ_CP058898.1,66651,67451,+,aph(3'')-Ib,aminoglycoside O-phosphotransferase APH(3'')-Ib,core,AMR,AMR,AMINOGLYCOSIDE,STREPTOMYCIN,EXACTX,267,267.0,100.0,100.0,267,WP_001082319.1,aminoglycoside O-phosphotransferase APH(3'')-Ib,,,GCF_030988725.1,MS10858,acquired,NZ_CP058898.1,93277,plasmid/other
,NZ_CP058898.1,67454,68287,+,aph(6)-Id,aminoglycoside O-phosphotransferase APH(6)-Id,core,AMR,AMR,AMINOGLYCOSIDE,STREPTOMYCIN,EXACTX,278,278.0,100.0,100.0,278,WP_000480972.1,aminoglycoside O-phosphotransferase APH(6)-Id,,,GCF_030988725.1,MS10858,acquired,NZ_CP058898.1,93277,plasmid/other
,NZ_CP058898.1,69344,70540,+,tet(A),tetracycline efflux MFS transporter Tet(A),core,AMR,AMR,TETRACYCLINE,TETRACYCLINE,EXACTX,399,399.0,100.0,100.0,399,WP_000804064.1,tetracycline efflux MFS transporter Tet(A),,,GCF_030988725.1,MS10858,acquired,NZ_CP058898.1,93277,plasmid/other
