Element symbol,K-12 MG1655,CFT073,O157:H7 Sakai,O55:H7 RM12579,EC958,O104:H4 2009EL-2050,AR Bank #0349,ATCC 25922,AVS0096,MS10858
aac(3)-IId,0,0,0,0,0,0,0,0,0,1
aac(3)-IVa,0,0,0,0,0,0,1,0,0,0
aac(6')-Ib-cr5,0,0,0,0,1,0,0,0,0,0
aadA5,0,0,0,0,1,0,0,0,1,1
acrR_F180LfsTer3,0,0,0,0,1,0,0,0,0,0
aph(3'')-Ib,0,0,0,1,0,1,1,0,1,1
aph(4)-Ia,0,0,0,0,0,0,1,0,0,0
aph(6)-Id,0,0,0,1,0,1,1,0,1,1
blaCMY-23,0,0,0,0,1,0,0,0,0,0
blaCTX-M-14,0,0,0,0,0,0,1,0,0,0
blaCTX-M-15,0,0,0,0,1,0,0,0,0,0
blaCTX-M-27,0,0,0,0,0,0,0,0,1,0
blaCTX-M-55,0,0,0,0,0,0,1,0,0,0
blaOXA-1,0,0,0,0,1,0,0,0,0,0
blaTEM-1,0,0,0,1,1,1,1,0,0,1
catB3,0,0,0,0,1,0,0,0,0,0
cyaA_S352T,0,0,0,0,0,0,1,0,0,0
dfrA14,0,0,0,0,0,0,1,0,0,0
dfrA17,0,0,0,0,1,0,0,0,1,1
dfrA7,0,0,0,0,0,1,0,0,0,0
floR,0,0,0,0,0,0,1,0,0,0
fosA3,0,0,0,0,0,0,1,0,0,0
gyrA_D87N,0,0,0,0,1,0,0,0,1,1
gyrA_D87Y,0,0,0,0,0,0,1,0,0,0
gyrA_S83A,0,0,0,0,0,1,0,0,0,0
gyrA_S83L,0,0,0,0,1,0,1,0,1,1
marR_S3N,0,0,0,0,0,0,0,0,1,1
mcr-1.1,0,0,0,0,0,0,1,0,0,0
mph(A),0,0,0,0,1,0,1,0,1,1
mrx(A),0,0,0,0,1,0,1,0,1,1
parC_E84V,0,0,0,0,1,0,0,0,0,0
parC_S80I,0,0,0,0,1,0,1,0,1,1
parE_I529L,0,0,0,0,1,0,0,0,0,0
parE_L416F,0,0,0,0,0,0,0,0,1,1
parE_S458A,0,0,0,0,0,0,1,0,0,0
ptsI_V25I,0,0,0,0,1,0,0,0,0,0
sul1,0,0,0,0,1,1,0,0,1,1
sul2,0,0,0,1,0,1,1,0,1,1
tet(A),0,0,0,0,1,1,1,0,1,1
uhpT_E350Q,0,0,0,0,1,0,1,0,1,1
